fleet_size,mode,seed,duration_s,warmup_s,step_interval_ms,sample_every_steps,layout_seed,layout_digest,stream_digest,stream_event_count,tasks_created,tasks_completed,tasks_active_end,completion_rate,throughput_tps,average_completion_time_s,latency_p90_s,agent_work_fraction_final,offered_work_fraction_nominal,offered_work_fraction_realized,wall_time_s,full_working_fraction,full_navigating_fraction,full_idle_fraction,full_active_fraction,full_mean_stuck_agents,full_sample_count,post_warmup_working_fraction,post_warmup_navigating_fraction,post_warmup_idle_fraction,post_warmup_active_fraction,post_warmup_mean_stuck_agents,post_warmup_sample_count,completed_nominal_work_fraction,configured_arrival_rate_tps,realized_arrival_rate_tps,arrival_rate_per_robot,tasks_active_end_per_robot,arrival_completion_gap_tps,completed_work_state_fraction,incomplete_task_work_fraction
50,centralized,42,900.0,180.0,100,10,10050,9d315ccbacebf48391a2dc4e8e4bd32e8e84b5dda5c3ccc2d12f1776dd339486,64dfceb86b597f6d32457386eb8faab9eb710a426076f0da870a328fa3494329,858,858,760,98,0.8857808857808858,0.8444444444444444,104.78828947368422,169.03000000000006,0.7825577777777778,0.9,0.858,2.326577492058277,0.7822222222222224,0.18388888888888877,0.03388888888888886,0.9661111111111111,0.3244444444444444,900,0.8426388888888889,0.15133333333333343,0.006027777777777632,0.9939722222222224,0.2791666666666667,720,0.76,1.0,0.9533333333333334,0.02,1.96,0.10888888888888892,0.7616888888888889,0.020868888888888937
50,distributed,42,900.0,180.0,100,10,10050,9d315ccbacebf48391a2dc4e8e4bd32e8e84b5dda5c3ccc2d12f1776dd339486,64dfceb86b597f6d32457386eb8faab9eb710a426076f0da870a328fa3494329,858,858,717,141,0.8356643356643356,0.7966666666666666,123.76304044630405,222.43999999999994,0.7382488888888887,0.9,0.858,35.8343340549618,0.7382888888888889,0.23602222222222224,0.025688888888888872,0.9743111111111111,0.5566666666666666,900,0.8078055555555556,0.19030555555555573,0.0018888888888887179,0.9981111111111113,0.5875,720,0.7170000000000001,1.0,0.9533333333333334,0.02,2.82,0.15666666666666673,0.7185933333333334,0.019655555555555315
50,centralized,43,900.0,180.0,100,10,10050,9d315ccbacebf48391a2dc4e8e4bd32e8e84b5dda5c3ccc2d12f1776dd339486,4ecc1ea6339cabcdae302f5c67c34896b1e5ac618538d2cf5fc1f1672bc5ce09,941,941,792,149,0.8416578108395324,0.88,112.5467171717172,178.28,0.8168577777777777,0.9,0.941,2.6131599992513657,0.8163333333333334,0.1432444444444445,0.04042222222222214,0.9595777777777779,0.31555555555555553,900,0.8964166666666668,0.09594444444444439,0.007638888888888862,0.9923611111111111,0.18194444444444444,720,0.792,1.0,1.0455555555555556,0.02,2.98,0.16555555555555557,0.79376,0.02309777777777766
50,distributed,43,900.0,180.0,100,10,10050,9d315ccbacebf48391a2dc4e8e4bd32e8e84b5dda5c3ccc2d12f1776dd339486,4ecc1ea6339cabcdae302f5c67c34896b1e5ac618538d2cf5fc1f1672bc5ce09,941,941,731,210,0.7768331562167906,0.8122222222222222,138.2607387140903,250.19999999999993,0.7511844444444443,0.9,0.941,47.526975467801094,0.7509555555555557,0.22071111111111097,0.02833333333333332,0.9716666666666667,0.4922222222222222,900,0.8402222222222223,0.15763888888888866,0.0021388888888890234,0.997861111111111,0.46111111111111114,720,0.731,1.0,1.0455555555555556,0.02,4.2,0.2333333333333334,0.7326244444444444,0.01855999999999991
50,centralized,44,900.0,180.0,100,10,10050,9d315ccbacebf48391a2dc4e8e4bd32e8e84b5dda5c3ccc2d12f1776dd339486,3448a510a6e1cde568dc74749b5d663521c93ea768ff89f8ab476044bec77bb2,912,912,788,124,0.8640350877192983,0.8755555555555555,123.78946700507615,209.46000000000004,0.8145600000000001,0.9,0.912,2.406157599762082,0.8140000000000002,0.1511555555555555,0.034844444444444345,0.9651555555555557,0.29555555555555557,900,0.8883055555555556,0.10766666666666669,0.004027777777777741,0.9959722222222223,0.20833333333333334,720,0.7879999999999999,1.0,1.0133333333333334,0.02,2.48,0.1377777777777779,0.7897511111111111,0.02480888888888899
50,distributed,44,900.0,180.0,100,10,10050,9d315ccbacebf48391a2dc4e8e4bd32e8e84b5dda5c3ccc2d12f1776dd339486,3448a510a6e1cde568dc74749b5d663521c93ea768ff89f8ab476044bec77bb2,912,912,727,185,0.7971491228070176,0.8077777777777778,141.36533700137554,259.6,0.75116,0.9,0.912,44.765122121199965,0.7506666666666666,0.22222222222222232,0.027111111111111086,0.9728888888888889,0.5955555555555555,900,0.8225277777777776,0.17533333333333356,0.0021388888888888014,0.9978611111111112,0.5666666666666667,720,0.727,1.0,1.0133333333333334,0.02,3.7,0.2055555555555556,0.7286155555555556,0.022544444444444478
50,centralized,45,900.0,180.0,100,10,10050,9d315ccbacebf48391a2dc4e8e4bd32e8e84b5dda5c3ccc2d12f1776dd339486,e2de20cd9996afd0562d1c9fb2dc7033a43391a86f66dcfbfa48616ac8f7fe00,877,877,749,128,0.8540478905359179,0.8322222222222222,105.16742323097465,168.16000000000014,0.7694644444444444,0.9,0.877,2.479225056245923,0.7692222222222223,0.19600000000000006,0.034777777777777685,0.9652222222222223,0.5577777777777778,900,0.837,0.15513888888888894,0.007861111111111097,0.9921388888888889,0.38055555555555554,720,0.7489999999999999,1.0,0.9744444444444444,0.02,2.56,0.14222222222222225,0.7506644444444445,0.018799999999999928
50,distributed,45,900.0,180.0,100,10,10050,9d315ccbacebf48391a2dc4e8e4bd32e8e84b5dda5c3ccc2d12f1776dd339486,e2de20cd9996afd0562d1c9fb2dc7033a43391a86f66dcfbfa48616ac8f7fe00,877,877,700,177,0.798175598631699,0.7777777777777778,130.24857142857144,234.2200000000001,0.7261511111111112,0.9,0.877,37.86210008710623,0.7261111111111112,0.24911111111111117,0.024777777777777676,0.9752222222222223,0.7355555555555555,900,0.7977500000000002,0.19999999999999996,0.0022499999999998632,0.9977500000000001,0.7680555555555556,720,0.7,1.0,0.9744444444444444,0.02,3.54,0.19666666666666666,0.7015555555555557,0.02459555555555548
50,centralized,46,900.0,180.0,100,10,10050,9d315ccbacebf48391a2dc4e8e4bd32e8e84b5dda5c3ccc2d12f1776dd339486,91f4183925ddd6164ba70fc9a55a240e1281d74635cd71a9d8b39b2ec7f1e7c3,880,880,759,121,0.8625,0.8433333333333334,111.07140974967064,178.8,0.781568888888889,0.9,0.88,2.626239076256752,0.7814,0.17666666666666675,0.04193333333333327,0.9580666666666667,0.48444444444444446,900,0.8580555555555557,0.13316666666666666,0.008777777777777662,0.9912222222222223,0.3138888888888889,720,0.759,1.0,0.9777777777777777,0.02,2.42,0.13444444444444437,0.7606866666666667,0.020882222222222246
50,distributed,46,900.0,180.0,100,10,10050,9d315ccbacebf48391a2dc4e8e4bd32e8e84b5dda5c3ccc2d12f1776dd339486,91f4183925ddd6164ba70fc9a55a240e1281d74635cd71a9d8b39b2ec7f1e7c3,880,880,719,161,0.8170454545454545,0.7988888888888889,126.91863699582754,228.66000000000014,0.7417666666666665,0.9,0.88,37.039610866457224,0.7412444444444446,0.22644444444444434,0.03231111111111107,0.9676888888888889,0.5288888888888889,900,0.8268611111111112,0.17125000000000012,0.0018888888888887179,0.9981111111111113,0.5041666666666667,720,0.7189999999999999,1.0,0.9777777777777777,0.02,3.22,0.17888888888888888,0.7205977777777778,0.02116888888888868
100,centralized,42,900.0,180.0,100,10,10100,f0a18b46ca8ea54e34bb4236d505214f4ecccc69939e2bca52af0e3580f61353,cf5c7dc56929b072a752609721d598b8bcc5c6d7dbe1a4c25cae2dee80a6d0ea,1549,1549,1333,216,0.8605551969012266,1.481111111111111,116.03203300825207,188.30000000000007,0.6859088888888888,0.7875,0.7745,6.059614067897201,0.6853555555555556,0.2676666666666667,0.046977777777777674,0.9530222222222223,1.5322222222222222,900,0.7619583333333332,0.22334722222222247,0.014694444444444343,0.9853055555555557,1.2652777777777777,720,0.6664999999999999,1.75,1.721111111111111,0.0175,2.16,0.24,0.6679811111111111,0.017927777777777654
100,distributed,42,900.0,180.0,100,10,10100,f0a18b46ca8ea54e34bb4236d505214f4ecccc69939e2bca52af0e3580f61353,cf5c7dc56929b072a752609721d598b8bcc5c6d7dbe1a4c25cae2dee80a6d0ea,1549,1549,1296,253,0.8366688185926404,1.44,124.45308641975309,226.64999999999998,0.6697588888888889,0.7875,0.7745,131.95483677834272,0.6692777777777776,0.30038888888888904,0.030333333333333323,0.9696666666666667,1.6344444444444444,900,0.7577638888888889,0.24012500000000003,0.0021111111111110636,0.9978888888888889,1.8083333333333333,720,0.648,1.75,1.721111111111111,0.0175,2.53,0.2811111111111111,0.64944,0.020318888888888886
100,centralized,43,900.0,180.0,100,10,10100,f0a18b46ca8ea54e34bb4236d505214f4ecccc69939e2bca52af0e3580f61353,0c6a2d68106b4daf56e5eac28ec6475b16e4468d18311c7b9e61ff99787e7404,1627,1627,1443,184,0.8869084204056545,1.6033333333333333,113.30623700623703,183.71999999999994,0.7434611111111111,0.7875,0.8135,5.234846796840429,0.7434555555555555,0.20825555555555575,0.048288888888888715,0.9517111111111113,1.1255555555555556,900,0.8460694444444444,0.14593055555555556,0.008000000000000007,0.992,0.8097222222222222,720,0.7214999999999999,1.75,1.8077777777777777,0.0175,1.84,0.20444444444444443,0.7231033333333333,0.020357777777777808
100,distributed,43,900.0,180.0,100,10,10100,f0a18b46ca8ea54e34bb4236d505214f4ecccc69939e2bca52af0e3580f61353,0c6a2d68106b4daf56e5eac28ec6475b16e4468d18311c7b9e61ff99787e7404,1627,1627,1362,265,0.8371235402581438,1.5133333333333334,131.35675477239354,236.40000000000003,0.7003677777777777,0.7875,0.8135,164.60783541947603,0.6999555555555556,0.26522222222222236,0.03482222222222209,0.9651777777777779,1.298888888888889,900,0.797361111111111,0.2005138888888891,0.0021249999999999325,0.9978750000000001,1.3347222222222221,720,0.681,1.75,1.8077777777777777,0.0175,2.65,0.2944444444444443,0.6825133333333333,0.017854444444444395
100,centralized,44,900.0,180.0,100,10,10100,f0a18b46ca8ea54e34bb4236d505214f4ecccc69939e2bca52af0e3580f61353,0b295f6cdd100bbc5a747b479b7a24fb2b9f727717632f3a36edc85cbb3c244c,1575,1575,1397,178,0.886984126984127,1.5522222222222222,116.35218324982104,198.26000000000005,0.7193744444444445,0.7875,0.7875,5.404137818142772,0.7189,0.23822222222222234,0.04287777777777768,0.9571222222222223,1.318888888888889,900,0.8138055555555557,0.17731944444444436,0.008874999999999966,0.991125,0.8611111111111112,720,0.6984999999999999,1.75,1.75,0.0175,1.78,0.19777777777777783,0.7000522222222222,0.01932222222222235
100,distributed,44,900.0,180.0,100,10,10100,f0a18b46ca8ea54e34bb4236d505214f4ecccc69939e2bca52af0e3580f61353,0b295f6cdd100bbc5a747b479b7a24fb2b9f727717632f3a36edc85cbb3c244c,1575,1575,1327,248,0.8425396825396826,1.4744444444444444,133.62863602110025,233.42000000000016,0.6847,0.7875,0.7875,146.39070999063551,0.6843666666666668,0.285422222222222,0.03021111111111119,0.9697888888888888,1.58,900,0.7770416666666667,0.2208888888888888,0.002069444444444457,0.9979305555555555,1.6944444444444444,720,0.6635,1.75,1.75,0.0175,2.48,0.27555555555555555,0.6649744444444444,0.01972555555555555
100,centralized,45,900.0,180.0,100,10,10100,f0a18b46ca8ea54e34bb4236d505214f4ecccc69939e2bca52af0e3580f61353,7f28d42d416170fec8c6c345f0a7e649a542d6c5dda229d6837a69ca6ad72d37,1588,1588,1407,181,0.8860201511335013,1.5633333333333332,108.27846481876331,171.10000000000002,0.722818888888889,0.7875,0.794,5.90471114218235,0.7224555555555556,0.23396666666666666,0.043577777777777715,0.9564222222222223,1.301111111111111,900,0.8113472222222222,0.18068055555555573,0.007972222222222047,0.992027777777778,0.9013888888888889,720,0.7034999999999999,1.75,1.7644444444444445,0.0175,1.81,0.20111111111111124,0.7050633333333333,0.017755555555555746
100,distributed,45,900.0,180.0,100,10,10100,f0a18b46ca8ea54e34bb4236d505214f4ecccc69939e2bca52af0e3580f61353,7f28d42d416170fec8c6c345f0a7e649a542d6c5dda229d6837a69ca6ad72d37,1588,1588,1307,281,0.8230478589420654,1.4522222222222223,124.54804896710024,225.7600000000001,0.673832222222222,0.7875,0.794,182.06904756464064,0.6733999999999999,0.2945111111111114,0.03208888888888872,0.9679111111111113,1.5633333333333332,900,0.7594305555555555,0.2384722222222223,0.002097222222222195,0.9979027777777778,1.7361111111111112,720,0.6535000000000001,1.75,1.7644444444444445,0.0175,2.81,0.3122222222222222,0.6549522222222223,0.018879999999999786
100,centralized,46,900.0,180.0,100,10,10100,f0a18b46ca8ea54e34bb4236d505214f4ecccc69939e2bca52af0e3580f61353,1aca1153e71792a3af63784d5b5b364924cce4914f0c53b069902c0c3815a0a7,1583,1583,1400,183,0.8843967150979154,1.5555555555555556,108.3167142857143,170.81000000000003,0.721368888888889,0.7875,0.7915,6.455078478902578,0.7210888888888889,0.23148888888888897,0.04742222222222214,0.9525777777777779,1.3033333333333332,900,0.8099861111111112,0.1790277777777779,0.010986111111110919,0.9890138888888891,0.9902777777777778,720,0.7,1.75,1.758888888888889,0.0175,1.83,0.20333333333333337,0.7015555555555557,0.01981333333333324
100,distributed,46,900.0,180.0,100,10,10100,f0a18b46ca8ea54e34bb4236d505214f4ecccc69939e2bca52af0e3580f61353,1aca1153e71792a3af63784d5b5b364924cce4914f0c53b069902c0c3815a0a7,1583,1583,1308,275,0.8262792166771952,1.4533333333333334,128.37866972477065,230.82,0.6763066666666667,0.7875,0.7915,177.66097172535956,0.6759222222222221,0.29238888888888903,0.03168888888888888,0.9683111111111111,1.7477777777777779,900,0.7647083333333333,0.23302777777777794,0.002263888888888732,0.9977361111111113,1.8569444444444445,720,0.654,1.75,1.758888888888889,0.0175,2.75,0.3055555555555556,0.6554533333333333,0.02085333333333339
200,centralized,42,900.0,180.0,100,10,10200,94d41374dfb16eeaae2f6253f186e8f71578917bd8273f40bcb287898aabd9da,acd50976db7101fa3fa2d24e858c427e62be6f8c5efb416cf69318e472ca8f32,2655,2655,2294,361,0.864030131826742,2.548888888888889,132.31107236268528,227.27,0.5910822222222223,0.675,0.66375,14.668337551876903,0.5908333333333333,0.35375,0.05541666666666667,0.9445833333333333,4.357777777777778,900,0.6951805555555556,0.29637500000000006,0.008444444444444366,0.9915555555555556,3.4444444444444446,720,0.5735,3.0,2.95,0.015,1.805,0.4011111111111112,0.5747744444444445,0.01630777777777781
200,distributed,42,900.0,180.0,100,10,10200,94d41374dfb16eeaae2f6253f186e8f71578917bd8273f40bcb287898aabd9da,acd50976db7101fa3fa2d24e858c427e62be6f8c5efb416cf69318e472ca8f32,2655,2655,2294,361,0.864030131826742,2.548888888888889,123.437358326068,234.26999999999998,0.5937044444444445,0.675,0.66375,501.5471981689334,0.5935888888888889,0.3679999999999999,0.038411111111111174,0.9615888888888888,4.4255555555555555,900,0.6898958333333333,0.3080347222222223,0.002069444444444457,0.9979305555555555,5.006944444444445,720,0.5735,3.0,2.95,0.015,1.805,0.4011111111111112,0.5747744444444445,0.018930000000000002
200,centralized,43,900.0,180.0,100,10,10200,94d41374dfb16eeaae2f6253f186e8f71578917bd8273f40bcb287898aabd9da,b3e9cbe06d063527e94cef1f9eb229525cbabaaff6f364d1723d55c793be578d,2767,2767,2420,347,0.8745934224792193,2.688888888888889,126.24892561983472,216.13999999999993,0.6239427777777777,0.675,0.69175,14.38046908378601,0.6237166666666667,0.3183944444444444,0.05788888888888888,0.9421111111111111,4.345555555555555,900,0.7266875,0.26387499999999986,0.009437500000000099,0.9905624999999999,3.5555555555555554,720,0.6050000000000001,3.0,3.0744444444444445,0.015,1.735,0.38555555555555543,0.6063444444444446,0.01759833333333316
200,distributed,43,900.0,180.0,100,10,10200,94d41374dfb16eeaae2f6253f186e8f71578917bd8273f40bcb287898aabd9da,b3e9cbe06d063527e94cef1f9eb229525cbabaaff6f364d1723d55c793be578d,2767,2767,2397,370,0.8662811709432598,2.6633333333333336,131.17964121818943,240.9200000000001,0.6197366666666667,0.675,0.69175,685.0191063247621,0.6194222222222222,0.34057222222222217,0.04000555555555563,0.9599944444444444,3.9244444444444446,900,0.7216666666666667,0.27627777777777773,0.0020555555555555882,0.9979444444444444,4.409722222222222,720,0.5992500000000001,3.0,3.0744444444444445,0.015,1.85,0.411111111111111,0.6005816666666667,0.019155000000000033
200,centralized,44,900.0,180.0,100,10,10200,94d41374dfb16eeaae2f6253f186e8f71578917bd8273f40bcb287898aabd9da,fe942716e37a7f28495321431f2cc4b72b0a54399456fde7ad2d254b2bc75790,2759,2759,2336,423,0.8466835810076114,2.5955555555555554,131.08839897260273,227.15000000000006,0.6043211111111111,0.675,0.68975,14.589640248566866,0.6041055555555555,0.3465055555555556,0.04938888888888893,0.9506111111111111,4.64,900,0.6911805555555556,0.3005277777777777,0.008291666666666697,0.9917083333333333,3.8666666666666667,720,0.584,3.0,3.0655555555555556,0.015,2.115,0.4700000000000002,0.5852977777777777,0.019023333333333392
200,distributed,44,900.0,180.0,100,10,10200,94d41374dfb16eeaae2f6253f186e8f71578917bd8273f40bcb287898aabd9da,fe942716e37a7f28495321431f2cc4b72b0a54399456fde7ad2d254b2bc75790,2759,2759,2319,440,0.8405219282348677,2.5766666666666667,133.62285467874085,246.8600000000002,0.6011688888888889,0.675,0.68975,641.9847715906799,0.6007944444444445,0.3621833333333331,0.0370222222222224,0.9629777777777776,4.1755555555555555,900,0.6990694444444444,0.29889583333333336,0.0020347222222222294,0.9979652777777778,4.768055555555556,720,0.57975,3.0,3.0655555555555556,0.015,2.2,0.48888888888888893,0.5810383333333333,0.02013055555555554
200,centralized,45,900.0,180.0,100,10,10200,94d41374dfb16eeaae2f6253f186e8f71578917bd8273f40bcb287898aabd9da,4ca11abe46dba762f082bb726fe2a383e8add2294949a1720dbb64503974c443,2674,2674,2290,384,0.856394913986537,2.5444444444444443,124.41877729257642,210.41000000000003,0.5909838888888889,0.675,0.6685,16.70241662673652,0.5908055555555556,0.35121111111111103,0.05798333333333339,0.9420166666666666,4.737777777777778,900,0.6884166666666667,0.30104861111111103,0.010534722222222292,0.9894652777777777,3.9347222222222222,720,0.5725,3.0,2.971111111111111,0.015,1.92,0.42666666666666675,0.5737722222222222,0.017211666666666625
200,distributed,45,900.0,180.0,100,10,10200,94d41374dfb16eeaae2f6253f186e8f71578917bd8273f40bcb287898aabd9da,4ca11abe46dba762f082bb726fe2a383e8add2294949a1720dbb64503974c443,2674,2674,2334,340,0.8728496634255797,2.5933333333333333,125.55149957155099,237.21000000000012,0.5981916666666667,0.675,0.6685,617.9609922394156,0.5978111111111111,0.36291111111111096,0.03927777777777797,0.960722222222222,3.9922222222222223,900,0.6959444444444445,0.3019652777777777,0.002090277777777816,0.9979097222222222,4.529166666666667,720,0.5835,3.0,2.971111111111111,0.015,1.7,0.37777777777777777,0.5847966666666666,0.013395000000000046
200,centralized,46,900.0,180.0,100,10,10200,94d41374dfb16eeaae2f6253f186e8f71578917bd8273f40bcb287898aabd9da,d9915a21bb4f4618d49311880b464873d86c8b2257241fb876f7414a56a26588,2723,2723,2304,419,0.8461255967682703,2.56,122.61380208333334,210.57000000000008,0.5909483333333333,0.675,0.68075,14.179386176168919,0.5906333333333332,0.35634999999999994,0.05301666666666682,0.9469833333333332,4.572222222222222,900,0.6850902777777778,0.3063541666666666,0.00855555555555565,0.9914444444444444,3.8194444444444446,720,0.5760000000000001,3.0,3.0255555555555556,0.015,2.095,0.4655555555555555,0.57728,0.013668333333333282
200,distributed,46,900.0,180.0,100,10,10200,94d41374dfb16eeaae2f6253f186e8f71578917bd8273f40bcb287898aabd9da,d9915a21bb4f4618d49311880b464873d86c8b2257241fb876f7414a56a26588,2723,2723,2334,389,0.8571428571428571,2.5933333333333333,129.6900171379606,239.84000000000032,0.6043194444444445,0.675,0.68075,611.6633903719485,0.604061111111111,0.35826111111111103,0.03767777777777792,0.9623222222222221,4.124444444444444,900,0.7045277777777778,0.2933611111111112,0.0021111111111110636,0.9978888888888889,4.579166666666667,720,0.5835,3.0,3.0255555555555556,0.015,1.945,0.4322222222222223,0.5847966666666666,0.01952277777777789
300,centralized,42,900.0,180.0,100,10,10300,dff7b24ab0a772cf0b0faad2a01d4522fc106ffacabea1ab1636a55dd3b0ed2e,2dc84e9ea602599077ffe19e091980d518d8e76d795a45b3d6dd67b7541e71bb,3552,3552,2798,754,0.7877252252252253,3.108888888888889,161.23130807719804,292.63000000000005,0.4888211111111112,0.6,0.592,32.70067812129855,0.48855555555555563,0.4434999999999998,0.06794444444444458,0.9320555555555554,8.233333333333333,900,0.5842731481481481,0.40391203703703704,0.011814814814814834,0.9881851851851852,7.527777777777778,720,0.4663333333333334,4.0,3.9466666666666668,0.013333333333333334,2.513333333333333,0.8377777777777777,0.46736962962962963,0.02145148148148157
300,distributed,42,900.0,180.0,100,10,10300,dff7b24ab0a772cf0b0faad2a01d4522fc106ffacabea1ab1636a55dd3b0ed2e,2dc84e9ea602599077ffe19e091980d518d8e76d795a45b3d6dd67b7541e71bb,3552,3552,3079,473,0.8668355855855856,3.421111111111111,126.07531666125367,235.16000000000028,0.5312596296296296,0.6,0.592,1030.1898659076542,0.5310666666666667,0.4231999999999999,0.045733333333333404,0.9542666666666666,6.252222222222223,900,0.6251388888888889,0.3730462962962964,0.0018148148148147136,0.9981851851851853,7.1125,720,0.5131666666666668,4.0,3.9466666666666668,0.013333333333333334,1.5766666666666667,0.5255555555555556,0.5143070370370371,0.01695259259259252
300,centralized,43,900.0,180.0,100,10,10300,dff7b24ab0a772cf0b0faad2a01d4522fc106ffacabea1ab1636a55dd3b0ed2e,ed7aa37b0d8e0309bc7ac5c1d9b1cb95c9f8a3babc25ddc44b50adbb42ba0966,3638,3638,2901,737,0.797416162726773,3.223333333333333,149.69210617028614,267.4,0.5020007407407407,0.6,0.6063333333333333,32.04852174781263,0.5017962962962963,0.4327148148148148,0.06548888888888893,0.9345111111111111,8.922222222222222,900,0.5890740740740741,0.399550925925926,0.011374999999999913,0.9886250000000001,8.223611111111111,720,0.48349999999999993,4.0,4.042222222222223,0.013333333333333334,2.4566666666666666,0.8188888888888894,0.4845744444444444,0.01742629629629633
300,distributed,43,900.0,180.0,100,10,10300,dff7b24ab0a772cf0b0faad2a01d4522fc106ffacabea1ab1636a55dd3b0ed2e,ed7aa37b0d8e0309bc7ac5c1d9b1cb95c9f8a3babc25ddc44b50adbb42ba0966,3638,3638,3183,455,0.8749312809235844,3.5366666666666666,132.46830034558593,250.76000000000005,0.5484274074074074,0.6,0.6063333333333333,1463.833223246038,0.5482703703703703,0.40639629629629637,0.04533333333333334,0.9546666666666667,5.648888888888889,900,0.6428333333333333,0.3553657407407409,0.0018009259259258448,0.9981990740740742,6.411111111111111,720,0.5305,4.0,4.042222222222223,0.013333333333333334,1.5166666666666666,0.505555555555556,0.5316788888888889,0.01674851851851844
300,centralized,44,900.0,180.0,100,10,10300,dff7b24ab0a772cf0b0faad2a01d4522fc106ffacabea1ab1636a55dd3b0ed2e,872d90b04b3a6070178feb444c7ccab3c46eda59e7797b78de5a9164b8a40fa8,3663,3663,3019,644,0.8241878241878242,3.3544444444444443,156.02851937727726,291.1000000000002,0.5133559259259258,0.6,0.6105,30.792394526302814,0.5132037037037037,0.42926296296296296,0.057533333333333325,0.9424666666666667,8.482222222222223,900,0.6005972222222222,0.3899166666666668,0.009486111111110973,0.990513888888889,7.695833333333334,720,0.5031666666666667,4.0,4.07,0.013333333333333334,2.1466666666666665,0.7155555555555559,0.5042848148148148,0.00907111111111103
300,distributed,44,900.0,180.0,100,10,10300,dff7b24ab0a772cf0b0faad2a01d4522fc106ffacabea1ab1636a55dd3b0ed2e,872d90b04b3a6070178feb444c7ccab3c46eda59e7797b78de5a9164b8a40fa8,3663,3663,3154,509,0.8610428610428611,3.5044444444444443,125.21870640456562,231.37,0.5448348148148149,0.6,0.6105,1178.200178399682,0.5447222222222222,0.4136518518518518,0.041625925925925955,0.958374074074074,6.371111111111111,900,0.6357731481481481,0.36224999999999996,0.001976851851851924,0.9980231481481481,7.308333333333334,720,0.5256666666666666,4.0,4.07,0.013333333333333334,1.6966666666666668,0.565555555555556,0.5268348148148149,0.018000000000000016
300,centralized,45,900.0,180.0,100,10,10300,dff7b24ab0a772cf0b0faad2a01d4522fc106ffacabea1ab1636a55dd3b0ed2e,9b6c198c08ef592ebac708beae5f6d01a02ae6543d6be2409436566fa3298115,3600,3600,2877,723,0.7991666666666667,3.1966666666666668,155.17466110531805,269.44000000000005,0.5014044444444444,0.6,0.6,34.99043909646571,0.5010814814814815,0.4318925925925926,0.06702592592592593,0.9329740740740741,9.003333333333334,900,0.598212962962963,0.3911805555555554,0.010606481481481578,0.9893935185185184,7.938888888888889,720,0.4795,4.0,4.0,0.013333333333333334,2.41,0.8033333333333332,0.4805655555555556,0.02083888888888885
300,distributed,45,900.0,180.0,100,10,10300,dff7b24ab0a772cf0b0faad2a01d4522fc106ffacabea1ab1636a55dd3b0ed2e,9b6c198c08ef592ebac708beae5f6d01a02ae6543d6be2409436566fa3298115,3600,3600,3131,469,0.8697222222222222,3.4788888888888887,129.53928457361866,243.00000000000006,0.5394792592592592,0.6,0.6,1344.4831889234483,0.5390333333333334,0.4167814814814814,0.044185185185185216,0.9558148148148148,5.946666666666666,900,0.6372731481481482,0.36090740740740745,0.0018194444444443736,0.9981805555555556,6.802777777777778,720,0.5218333333333333,4.0,4.0,0.013333333333333334,1.5633333333333332,0.5211111111111113,0.5229929629629629,0.016486296296296277
300,centralized,46,900.0,180.0,100,10,10300,dff7b24ab0a772cf0b0faad2a01d4522fc106ffacabea1ab1636a55dd3b0ed2e,70fbeb2c1bec038d1124a2823de9ad02511857a81c99826ac4ee6662593ed1f8,3590,3590,2936,654,0.8178272980501393,3.2622222222222224,150.93446866485013,266.55000000000007,0.5075644444444444,0.6,0.5983333333333334,34.9409402217716,0.507311111111111,0.4253,0.06738888888888894,0.9326111111111111,9.025555555555556,900,0.6048981481481481,0.38197685185185193,0.013124999999999942,0.9868750000000001,8.144444444444444,720,0.4893333333333334,4.0,3.988888888888889,0.013333333333333334,2.18,0.7266666666666666,0.49042074074074077,0.017143703703703606
300,distributed,46,900.0,180.0,100,10,10300,dff7b24ab0a772cf0b0faad2a01d4522fc106ffacabea1ab1636a55dd3b0ed2e,70fbeb2c1bec038d1124a2823de9ad02511857a81c99826ac4ee6662593ed1f8,3590,3590,3146,444,0.8763231197771588,3.4955555555555557,128.98356643356644,243.75,0.5418677777777778,0.6,0.5983333333333334,1200.112395601347,0.541611111111111,0.4149481481481483,0.04344074074074067,0.9565592592592593,5.9911111111111115,900,0.6379629629629631,0.3600324074074073,0.0020046296296296617,0.9979953703703703,6.919444444444444,720,0.5243333333333333,4.0,3.988888888888889,0.013333333333333334,1.48,0.4933333333333332,0.5254985185185186,0.01636925925925925
500,centralized,42,900.0,180.0,100,10,10500,2a561b5a13e07424a2ca66cc93d035e319a860347b95787980940ef91a132f34,e736b3805d45c46806a205434f39b5705eeed355a585c0adbc81d85cb42c96e2,4471,4471,3184,1287,0.7121449340192351,3.537777777777778,224.0221733668342,416.44000000000005,0.32616622222222225,0.45,0.4471,109.92739925161004,0.3261155555555556,0.5752088888888889,0.09867555555555552,0.9013244444444445,23.814444444444444,900,0.3949138888888889,0.5886027777777778,0.016483333333333294,0.9835166666666667,24.92222222222222,720,0.3184,5.0,4.967777777777778,0.01,2.574,1.4300000000000002,0.3191075555555556,0.0070586666666666575
500,distributed,42,900.0,180.0,100,10,10500,2a561b5a13e07424a2ca66cc93d035e319a860347b95787980940ef91a132f34,e736b3805d45c46806a205434f39b5705eeed355a585c0adbc81d85cb42c96e2,4471,4471,3850,621,0.8611048982330575,4.277777777777778,133.6163896103896,248.0,0.39905466666666667,0.45,0.4471,1875.3403415139765,0.39892444444444447,0.5369488888888889,0.06412666666666655,0.9358733333333334,5.875555555555556,900,0.47665277777777776,0.5202027777777776,0.0031444444444446162,0.9968555555555554,6.580555555555556,720,0.385,5.0,4.967777777777778,0.01,1.242,0.6900000000000004,0.38585555555555556,0.013199111111111106
500,centralized,43,900.0,180.0,100,10,10500,2a561b5a13e07424a2ca66cc93d035e319a860347b95787980940ef91a132f34,c459bff0338f85472c8bb7719f548579c299144c3b6af81ab4d13c0f5308e66a,4556,4556,3291,1265,0.7223441615452151,3.6566666666666667,218.33144940747493,415.1,0.3409624444444445,0.45,0.4556,109.19190246425569,0.34084222222222227,0.5669022222222221,0.09225555555555565,0.9077444444444444,22.697777777777777,900,0.41158333333333336,0.5696583333333334,0.01875833333333332,0.9812416666666667,23.519444444444446,720,0.3291,5.0,5.062222222222222,0.01,2.53,1.4055555555555554,0.32983133333333337,0.011131111111111147
500,distributed,43,900.0,180.0,100,10,10500,2a561b5a13e07424a2ca66cc93d035e319a860347b95787980940ef91a132f34,c459bff0338f85472c8bb7719f548579c299144c3b6af81ab4d13c0f5308e66a,4556,4556,3933,623,0.8632572431957858,4.37,133.29679633867278,241.48000000000002,0.4099186666666667,0.45,0.4556,1959.9721152931452,0.40970666666666666,0.5323755555555556,0.057917777777777735,0.9420822222222223,6.087777777777778,900,0.4865361111111111,0.5119666666666667,0.0014972222222221498,0.9985027777777779,6.808333333333334,720,0.39330000000000004,5.0,5.062222222222222,0.01,1.246,0.6922222222222221,0.394174,0.015744666666666685
500,centralized,44,900.0,180.0,100,10,10500,2a561b5a13e07424a2ca66cc93d035e319a860347b95787980940ef91a132f34,33c9a74d72f41b135e94b2a742bcdd49992972ad33139f080aaf61d5dea07cf5,4521,4521,3174,1347,0.7020570670205707,3.526666666666667,220.59445494643984,408.6100000000001,0.3228606666666667,0.45,0.4521,107.76479537412524,0.3228533333333333,0.5872466666666666,0.08990000000000009,0.9100999999999999,22.966666666666665,900,0.38850555555555555,0.5957055555555556,0.015788888888888852,0.9842111111111111,23.84722222222222,720,0.3174,5.0,5.023333333333333,0.01,2.694,1.4966666666666666,0.31810533333333335,0.004755333333333334
500,distributed,44,900.0,180.0,100,10,10500,2a561b5a13e07424a2ca66cc93d035e319a860347b95787980940ef91a132f34,33c9a74d72f41b135e94b2a742bcdd49992972ad33139f080aaf61d5dea07cf5,4521,4521,3876,645,0.8573324485733245,4.306666666666667,131.6566563467492,241.95000000000002,0.40436022222222223,0.45,0.4521,1663.0661260597408,0.4042066666666667,0.5406066666666665,0.05518666666666683,0.9448133333333332,5.946666666666666,900,0.4784944444444444,0.5198638888888889,0.0016416666666666524,0.9983583333333333,6.6625,720,0.3876,5.0,5.023333333333333,0.01,1.29,0.7166666666666668,0.3884613333333334,0.01589888888888885
500,centralized,45,900.0,180.0,100,10,10500,2a561b5a13e07424a2ca66cc93d035e319a860347b95787980940ef91a132f34,cf92e506c845f68a20348f1acf1e5c10d3593cf8cbb5445ebc0f8238e7c104fb,4454,4454,3265,1189,0.7330489447687472,3.6277777777777778,216.12741194486983,412.5199999999999,0.3325288888888889,0.45,0.4454,111.40201235190034,0.33246888888888887,0.56812,0.09941111111111112,0.9005888888888889,22.515555555555554,900,0.4021888888888888,0.579961111111111,0.017850000000000144,0.9821499999999999,22.90138888888889,720,0.3265,5.0,4.948888888888889,0.01,2.378,1.3211111111111111,0.32722555555555555,0.005303333333333327
500,distributed,45,900.0,180.0,100,10,10500,2a561b5a13e07424a2ca66cc93d035e319a860347b95787980940ef91a132f34,cf92e506c845f68a20348f1acf1e5c10d3593cf8cbb5445ebc0f8238e7c104fb,4454,4454,3908,546,0.877413560844185,4.342222222222222,132.60245649948823,245.13000000000005,0.40302200000000005,0.45,0.4454,1750.6117474902421,0.40298666666666666,0.5309999999999999,0.06601333333333337,0.9339866666666666,5.987777777777778,900,0.48136944444444446,0.5128194444444445,0.0058111111111111,0.9941888888888889,6.701388888888889,720,0.39080000000000004,5.0,4.948888888888889,0.01,1.092,0.6066666666666665,0.3916684444444445,0.011353555555555561
500,centralized,46,900.0,180.0,100,10,10500,2a561b5a13e07424a2ca66cc93d035e319a860347b95787980940ef91a132f34,825b9f1f0d94bbeb65ef1d7916eeb60a64fb81140b2307227895db3cfbcd274e,4462,4462,3050,1412,0.6835499775885253,3.388888888888889,222.17445901639348,421.8,0.31257022222222225,0.45,0.4462,104.26236703246832,0.31246222222222225,0.5890177777777776,0.09852000000000005,0.90148,22.765555555555554,900,0.37828333333333336,0.6056666666666666,0.01605000000000001,0.98395,23.204166666666666,720,0.305,5.0,4.957777777777777,0.01,2.824,1.5688888888888886,0.3056777777777778,0.006892444444444423
500,distributed,46,900.0,180.0,100,10,10500,2a561b5a13e07424a2ca66cc93d035e319a860347b95787980940ef91a132f34,825b9f1f0d94bbeb65ef1d7916eeb60a64fb81140b2307227895db3cfbcd274e,4462,4462,3837,625,0.8599282832810399,4.263333333333334,134.79223351576752,252.98000000000002,0.4003373333333333,0.45,0.4462,1697.676842983812,0.40016888888888885,0.5371600000000001,0.06267111111111112,0.9373288888888889,6.053333333333334,900,0.4779583333333333,0.5203527777777779,0.00168888888888874,0.9983111111111113,6.8180555555555555,720,0.38370000000000004,5.0,4.957777777777777,0.01,1.25,0.6944444444444438,0.3845526666666667,0.015784666666666614
600,centralized,42,900.0,180.0,100,10,10600,729241f593f75f74821f184a3009575561bb42b89c1fd1c3a52e97ae5b087e06,360803a4290adb3629d4788f3b99e09208ea9873b19215ad3e21cd417825b47e,4944,4944,3481,1463,0.7040857605177994,3.867777777777778,232.21315713875322,437.0,0.29852407407407405,0.4125,0.412,159.40008440054953,0.2984685185185185,0.5941648148148146,0.10736666666666683,0.8926333333333332,28.265555555555554,900,0.36098379629629634,0.6184699074074071,0.02054629629629645,0.9794537037037035,29.823611111111113,720,0.29008333333333336,5.5,5.493333333333333,0.009166666666666667,2.4383333333333335,1.6255555555555552,0.290727962962963,0.007796111111111059
600,distributed,42,900.0,180.0,100,10,10600,729241f593f75f74821f184a3009575561bb42b89c1fd1c3a52e97ae5b087e06,360803a4290adb3629d4788f3b99e09208ea9873b19215ad3e21cd417825b47e,4944,4944,4201,743,0.8497168284789643,4.667777777777777,138.04368007617234,249.60000000000002,0.36701,0.4125,0.412,2560.029332531616,0.3668481481481481,0.5647629629629631,0.06838888888888883,0.9316111111111112,5.802222222222222,900,0.4417222222222222,0.5562638888888889,0.0020138888888889817,0.997986111111111,6.501388888888889,720,0.3500833333333333,5.5,5.493333333333333,0.009166666666666667,1.2383333333333333,0.8255555555555558,0.3508612962962963,0.016148703703703693
600,centralized,43,900.0,180.0,100,10,10600,729241f593f75f74821f184a3009575561bb42b89c1fd1c3a52e97ae5b087e06,658221c071710e7d0d8d763c9d3db2fe8f0c9ff715a8a9061b52a2cf5d2da787,5001,5001,3409,1592,0.6816636672665467,3.787777777777778,223.87811674978,415.32000000000016,0.29075796296296297,0.4125,0.41675,164.69735316373408,0.2906851851851852,0.6113925925925925,0.09792222222222224,0.9020777777777778,28.907777777777778,900,0.35031249999999997,0.6327476851851852,0.01693981481481488,0.9830601851851851,30.134722222222223,720,0.28408333333333335,5.5,5.556666666666667,0.009166666666666667,2.6533333333333333,1.7688888888888887,0.2847146296296296,0.006043333333333345
600,distributed,43,900.0,180.0,100,10,10600,729241f593f75f74821f184a3009575561bb42b89c1fd1c3a52e97ae5b087e06,658221c071710e7d0d8d763c9d3db2fe8f0c9ff715a8a9061b52a2cf5d2da787,5001,5001,4262,739,0.8522295540891822,4.735555555555556,137.8342092914125,259.4,0.3713838888888889,0.4125,0.41675,2966.4424494002014,0.37123333333333336,0.565337037037037,0.06342962962962961,0.9365703703703704,5.538888888888889,900,0.4429537037037036,0.5545416666666667,0.0025046296296296067,0.9974953703703704,6.088888888888889,720,0.3551666666666667,5.5,5.556666666666667,0.009166666666666667,1.2316666666666667,0.8211111111111107,0.35595592592592595,0.015427962962962949
600,centralized,44,900.0,180.0,100,10,10600,729241f593f75f74821f184a3009575561bb42b89c1fd1c3a52e97ae5b087e06,28fe8669f7897daae23ef4dff150df17ee7a42d9471642432d5a9d140ce32e33,4954,4954,3404,1550,0.6871215179652805,3.7822222222222224,228.53301997649825,421.87000000000006,0.2904596296296296,0.4125,0.41283333333333333,170.25458486191928,0.2904351851851852,0.6055314814814814,0.10403333333333342,0.8959666666666666,28.677777777777777,900,0.3503842592592592,0.6267430555555555,0.02287268518518526,0.9771273148148147,30.677777777777777,720,0.2836666666666667,5.5,5.504444444444444,0.009166666666666667,2.5833333333333335,1.7222222222222219,0.284297037037037,0.006162592592592608
600,distributed,44,900.0,180.0,100,10,10600,729241f593f75f74821f184a3009575561bb42b89c1fd1c3a52e97ae5b087e06,28fe8669f7897daae23ef4dff150df17ee7a42d9471642432d5a9d140ce32e33,4954,4954,4249,705,0.8576907549454986,4.721111111111111,135.5099788185455,252.12000000000003,0.3661024074074074,0.4125,0.41283333333333333,2369.780103981495,0.3659611111111111,0.5730925925925925,0.06094629629629633,0.9390537037037037,5.483333333333333,900,0.43520601851851853,0.5621111111111112,0.002682870370370294,0.9973171296296297,6.030555555555556,720,0.3540833333333333,5.5,5.504444444444444,0.009166666666666667,1.175,0.7833333333333332,0.3548701851851852,0.011232222222222199
600,centralized,45,900.0,180.0,100,10,10600,729241f593f75f74821f184a3009575561bb42b89c1fd1c3a52e97ae5b087e06,c907cc66801149b3fd8b2c373bbf6a9f124fbc7b249c9aa8c5d2e9fcbaeaef67,4893,4893,3393,1500,0.6934396076026977,3.77,229.62130857648103,422.12,0.2988968518518519,0.4125,0.40775,153.6544157434255,0.29868703703703703,0.595261111111111,0.10605185185185195,0.893948148148148,29.162222222222223,900,0.36180555555555555,0.6207662037037036,0.017428240740740786,0.9825717592592592,30.872222222222224,720,0.28275,5.5,5.4366666666666665,0.009166666666666667,2.5,1.6666666666666665,0.28337833333333334,0.015518518518518543
600,distributed,45,900.0,180.0,100,10,10600,729241f593f75f74821f184a3009575561bb42b89c1fd1c3a52e97ae5b087e06,c907cc66801149b3fd8b2c373bbf6a9f124fbc7b249c9aa8c5d2e9fcbaeaef67,4893,4893,4174,719,0.8530553852442264,4.637777777777778,142.12594633445136,266.8100000000001,0.36071518518518514,0.4125,0.40775,2759.9238118566573,0.3605481481481482,0.5677259259259259,0.07172592592592597,0.928274074074074,5.573333333333333,900,0.4338402777777778,0.5599212962962964,0.006238425925925828,0.9937615740740742,6.102777777777778,720,0.3478333333333334,5.5,5.4366666666666665,0.009166666666666667,1.1983333333333333,0.7988888888888885,0.3486062962962963,0.012108888888888836
600,centralized,46,900.0,180.0,100,10,10600,729241f593f75f74821f184a3009575561bb42b89c1fd1c3a52e97ae5b087e06,5160f02b85b24e6f308e15f71d33e38cf54bc489cff9f129b9cf6440079aed64,4943,4943,3363,1580,0.6803560590734372,3.736666666666667,241.84225393993458,455.44000000000005,0.2851090740740741,0.4125,0.41191666666666665,155.43274086154997,0.2850833333333333,0.6068925925925925,0.1080240740740741,0.8919759259259259,28.314444444444444,900,0.34431249999999997,0.6362129629629629,0.019474537037037054,0.980525462962963,29.788888888888888,720,0.28025,5.5,5.492222222222222,0.009166666666666667,2.6333333333333333,1.755555555555555,0.2808727777777778,0.0042362962962962936
600,distributed,46,900.0,180.0,100,10,10600,729241f593f75f74821f184a3009575561bb42b89c1fd1c3a52e97ae5b087e06,5160f02b85b24e6f308e15f71d33e38cf54bc489cff9f129b9cf6440079aed64,4943,4943,4106,837,0.830669633825612,4.562222222222222,140.44003896736484,260.45,0.3612518518518519,0.4125,0.41191666666666665,2714.8961385674775,0.3610407407407407,0.5689777777777778,0.06998148148148153,0.9300185185185185,5.663333333333333,900,0.4313541666666667,0.5649768518518519,0.003668981481481426,0.9963310185185186,6.256944444444445,720,0.3421666666666667,5.5,5.492222222222222,0.009166666666666667,1.395,0.9299999999999997,0.34292703703703703,0.01832481481481485
700,centralized,42,900.0,180.0,100,10,10700,630d185398c4609c35d3f03c30ecf474331d49319f5035184a90ec5caf8ccfe3,f6e358d6aafa0b9c41648c032f2bb8a3b034036d05a582e604d565692ab6aa0c,5399,5399,3325,2074,0.6158547879236895,3.6944444444444446,259.17386466165414,472.69999999999993,0.2550150793650794,0.38571428571428573,0.3856428571428571,226.17479050718248,0.2547761904761905,0.6286444444444445,0.11657936507936506,0.8834206349206349,37.21,900,0.30943253968253964,0.6668194444444444,0.023748015873015893,0.9762519841269841,40.1375,720,0.2375,6.0,5.998888888888889,0.008571428571428572,2.962857142857143,2.304444444444444,0.2380277777777778,0.01698730158730158
700,distributed,42,900.0,180.0,100,10,10700,630d185398c4609c35d3f03c30ecf474331d49319f5035184a90ec5caf8ccfe3,f6e358d6aafa0b9c41648c032f2bb8a3b034036d05a582e604d565692ab6aa0c,5399,5399,4555,844,0.8436747545841823,5.061111111111111,144.92731064763996,276.8200000000003,0.3435166666666667,0.38571428571428573,0.3856428571428571,3833.825257798657,0.34332380952380953,0.5800507936507937,0.07662539682539682,0.9233746031746032,5.754444444444444,900,0.41481944444444446,0.5767480158730158,0.008432539682539764,0.9915674603174602,6.384722222222222,720,0.32535714285714284,6.0,5.998888888888889,0.008571428571428572,1.2057142857142857,0.9377777777777778,0.3260801587301587,0.017436507936507972
700,centralized,43,900.0,180.0,100,10,10700,630d185398c4609c35d3f03c30ecf474331d49319f5035184a90ec5caf8ccfe3,a2d79eb53ff05dfd61b1bfe052b06e153ea8542b8dbb5b3b237708d5bf7b5acd,5421,5421,3321,2100,0.612617598229109,3.69,250.40099367660346,457.00000000000006,0.24386158730158733,0.38571428571428573,0.38721428571428573,207.70462196692824,0.24384444444444447,0.652942857142857,0.10321269841269842,0.8967873015873016,37.33222222222222,900,0.2935257936507936,0.6905555555555556,0.015918650793650735,0.9840813492063493,40.07222222222222,720,0.23721428571428574,6.0,6.023333333333333,0.008571428571428572,3.0,2.3333333333333335,0.23774142857142858,0.0061201587301587534
700,distributed,43,900.0,180.0,100,10,10700,630d185398c4609c35d3f03c30ecf474331d49319f5035184a90ec5caf8ccfe3,a2d79eb53ff05dfd61b1bfe052b06e153ea8542b8dbb5b3b237708d5bf7b5acd,5421,5421,4653,768,0.8583287216380742,5.17,142.2307758435418,266.78000000000014,0.34705079365079367,0.38571428571428573,0.38721428571428573,3659.0993956234306,0.34690000000000004,0.5851507936507938,0.0679492063492062,0.9320507936507938,5.9511111111111115,900,0.4164960317460318,0.5808869047619049,0.002617063492063365,0.9973829365079366,6.575,720,0.33235714285714285,6.0,6.023333333333333,0.008571428571428572,1.0971428571428572,0.8533333333333335,0.3330957142857143,0.013955079365079393
700,centralized,44,900.0,180.0,100,10,10700,630d185398c4609c35d3f03c30ecf474331d49319f5035184a90ec5caf8ccfe3,c50ac533a450c790d18a22d40a7933f5e9085a7a2087f2b6bc601c666205ba0c,5397,5397,3377,2020,0.6257179914767463,3.752222222222222,253.6430559668345,462.38000000000005,0.24789809523809522,0.38571428571428573,0.3855,230.16884467937052,0.24783333333333335,0.6406920634920634,0.11147460317460323,0.8885253968253968,36.95777777777778,900,0.2996746031746032,0.6753214285714284,0.025003968253968334,0.9749960317460317,39.56111111111111,720,0.24121428571428571,6.0,5.996666666666667,0.008571428571428572,2.8857142857142857,2.244444444444445,0.24175031746031744,0.00614777777777778
700,distributed,44,900.0,180.0,100,10,10700,630d185398c4609c35d3f03c30ecf474331d49319f5035184a90ec5caf8ccfe3,c50ac533a450c790d18a22d40a7933f5e9085a7a2087f2b6bc601c666205ba0c,5397,5397,4619,778,0.8558458402816379,5.1322222222222225,142.54806235115825,270.0799999999999,0.346141746031746,0.38571428571428573,0.3855,3219.656331108883,0.34605555555555556,0.5854111111111112,0.06853333333333322,0.9314666666666668,5.935555555555555,900,0.41505357142857147,0.5802579365079366,0.004688492063491978,0.995311507936508,6.559722222222222,720,0.32992857142857146,6.0,5.996666666666667,0.008571428571428572,1.1114285714285714,0.8644444444444446,0.3306617460317461,0.015479999999999938
700,centralized,45,900.0,180.0,100,10,10700,630d185398c4609c35d3f03c30ecf474331d49319f5035184a90ec5caf8ccfe3,1a514f7b330de174ed76632cf02e1d7ecbb4b25cc5187c36bac45d8d224c924a,5337,5337,3474,1863,0.6509274873524452,3.86,256.4077144502015,477.6200000000002,0.2537271428571429,0.38571428571428573,0.3812142857142857,219.79334875568748,0.2536333333333333,0.6297714285714286,0.11659523809523809,0.8834047619047619,36.416666666666664,900,0.30763492063492065,0.6688492063492064,0.02351587301587299,0.976484126984127,39.31666666666667,720,0.24814285714285714,6.0,5.93,0.008571428571428572,2.6614285714285715,2.07,0.24869428571428573,0.0050328571428571445
700,distributed,45,900.0,180.0,100,10,10700,630d185398c4609c35d3f03c30ecf474331d49319f5035184a90ec5caf8ccfe3,1a514f7b330de174ed76632cf02e1d7ecbb4b25cc5187c36bac45d8d224c924a,5337,5337,4441,896,0.8321154206483042,4.934444444444445,146.7197252870975,279.40000000000003,0.33426698412698413,0.38571428571428573,0.3812142857142857,3764.290453473106,0.3340619047619048,0.5909634920634921,0.07497460317460314,0.9250253968253969,5.725555555555555,900,0.40427579365079364,0.5919563492063493,0.0037678571428569896,0.996232142857143,6.341666666666667,720,0.3172142857142857,6.0,5.93,0.008571428571428572,1.28,0.9955555555555549,0.3179192063492064,0.01634777777777774
700,centralized,46,900.0,180.0,100,10,10700,630d185398c4609c35d3f03c30ecf474331d49319f5035184a90ec5caf8ccfe3,e570ec04b13f0d18214d31d64abf79fa76bdb69e1742d10dd0b842bf38aa6a7d,5456,5456,3403,2053,0.6237170087976539,3.781111111111111,270.50458419042025,497.54,0.25706285714285715,0.38571428571428573,0.38971428571428574,217.24217183887959,0.25693015873015873,0.627947619047619,0.11512222222222224,0.8848777777777778,37.36666666666667,900,0.3122043650793651,0.6657400793650794,0.022055555555555495,0.9779444444444445,40.63611111111111,720,0.24307142857142858,6.0,6.062222222222222,0.008571428571428572,2.932857142857143,2.281111111111111,0.2436115873015873,0.013451269841269847
700,distributed,46,900.0,180.0,100,10,10700,630d185398c4609c35d3f03c30ecf474331d49319f5035184a90ec5caf8ccfe3,e570ec04b13f0d18214d31d64abf79fa76bdb69e1742d10dd0b842bf38aa6a7d,5456,5456,4601,855,0.843291788856305,5.112222222222222,145.65807433166705,273.4,0.34717587301587305,0.38571428571428573,0.38971428571428574,3364.0611259154975,0.34698412698412706,0.5803555555555556,0.07266031746031731,0.9273396825396827,5.822222222222222,900,0.4176428571428572,0.5798551587301588,0.0025019841269839915,0.997498015873016,6.418055555555555,720,0.3286428571428571,6.0,6.062222222222222,0.008571428571428572,1.2214285714285715,0.9500000000000002,0.3293731746031746,0.017802698412698437
800,centralized,42,900.0,180.0,100,10,10800,19423f2529034312594f78faec448d679f4b23f92dfa22a8e074734325ef97b9,397c9da16b15a37b0fecb0b37a776ecace729a38eaac5b2770b5dafffa4cfe0f,5843,5843,3112,2731,0.532603114838268,3.457777777777778,278.18785347043706,499.40000000000003,0.20942597222222226,0.365625,0.3651875,306.36308187805116,0.20919722222222223,0.6665819444444444,0.12422083333333334,0.8757791666666667,46.343333333333334,900,0.2543472222222222,0.7182829861111111,0.027369791666666643,0.9726302083333334,49.93472222222222,720,0.1945,6.5,6.492222222222222,0.008125,3.41375,3.034444444444444,0.19493222222222223,0.014493750000000027
800,distributed,42,900.0,180.0,100,10,10800,19423f2529034312594f78faec448d679f4b23f92dfa22a8e074734325ef97b9,397c9da16b15a37b0fecb0b37a776ecace729a38eaac5b2770b5dafffa4cfe0f,5843,5843,4989,854,0.853842204347082,5.543333333333333,149.74481860092203,288.97999999999996,0.32804930555555556,0.365625,0.3651875,4748.605226578191,0.3279625,0.5866527777777777,0.08538472222222226,0.9146152777777777,5.954444444444444,900,0.3966666666666666,0.592170138888889,0.011163194444444358,0.9888368055555556,6.5625,720,0.3118125,6.5,6.492222222222222,0.008125,1.0675,0.9488888888888889,0.31250541666666665,0.015543888888888913
800,centralized,43,900.0,180.0,100,10,10800,19423f2529034312594f78faec448d679f4b23f92dfa22a8e074734325ef97b9,e8784b2684fcafc0ad1a8778a05b10e2642ac573980eb7f6082fd4fb1c8fcd82,5889,5889,3283,2606,0.5574800475462727,3.647777777777778,279.15942735303076,511.94000000000005,0.22247500000000003,0.365625,0.3680625,296.18085253983736,0.22224166666666664,0.6623763888888888,0.1153819444444445,0.8846180555555555,44.48111111111111,900,0.26947048611111113,0.7057586805555555,0.02477083333333341,0.9752291666666666,47.97638888888889,720,0.2051875,6.5,6.543333333333333,0.008125,3.2575,2.895555555555555,0.20564347222222223,0.0168315277777778
800,distributed,43,900.0,180.0,100,10,10800,19423f2529034312594f78faec448d679f4b23f92dfa22a8e074734325ef97b9,e8784b2684fcafc0ad1a8778a05b10e2642ac573980eb7f6082fd4fb1c8fcd82,5889,5889,4958,931,0.8419086432331465,5.5088888888888885,147.98691004437276,281.02000000000015,0.3232105555555556,0.365625,0.3680625,4860.495889192447,0.3230638888888889,0.602613888888889,0.07432222222222218,0.9256777777777778,5.8,900,0.38889930555555563,0.6063107638888888,0.004789930555555544,0.9952100694444445,6.361111111111111,720,0.30987499999999996,6.5,6.543333333333333,0.008125,1.16375,1.0344444444444445,0.3105636111111111,0.01264694444444453
800,centralized,44,900.0,180.0,100,10,10800,19423f2529034312594f78faec448d679f4b23f92dfa22a8e074734325ef97b9,905a0635894f061c566b78428f235995e76179fb2be345172d880b763bb95db0,5801,5801,3203,2598,0.5521461816928116,3.5588888888888888,277.9223540430846,503.5600000000001,0.21823819444444445,0.365625,0.3625625,315.656353360042,0.2179930555555556,0.6614708333333333,0.12053611111111107,0.8794638888888889,46.41111111111111,900,0.26364930555555555,0.7069340277777777,0.029416666666666758,0.9705833333333332,50.4,720,0.20018750000000002,6.5,6.445555555555556,0.008125,3.2475,2.886666666666667,0.2006323611111111,0.01760583333333335
800,distributed,44,900.0,180.0,100,10,10800,19423f2529034312594f78faec448d679f4b23f92dfa22a8e074734325ef97b9,905a0635894f061c566b78428f235995e76179fb2be345172d880b763bb95db0,5801,5801,4920,881,0.8481296328219272,5.466666666666667,147.11808943089432,272.4400000000001,0.3219448611111111,0.365625,0.3625625,3942.996441874653,0.3217458333333333,0.6078597222222223,0.07039444444444443,0.9296055555555556,6.167777777777777,900,0.38777430555555553,0.6089079861111113,0.0033177083333332247,0.9966822916666668,6.843055555555556,720,0.3075,6.5,6.445555555555556,0.008125,1.10125,0.9788888888888891,0.30818333333333336,0.013761527777777727
800,centralized,45,900.0,180.0,100,10,10800,19423f2529034312594f78faec448d679f4b23f92dfa22a8e074734325ef97b9,8cf4862fdd2fdbc6192b533ff8c4a90689e0a3a8fa85135a4974c5693f7ef2e3,5787,5787,3296,2491,0.5695524451356488,3.6622222222222223,280.5996359223301,518.9,0.21089361111111113,0.365625,0.3616875,285.5833316165954,0.21086527777777778,0.6676458333333335,0.12148888888888876,0.8785111111111112,44.80444444444444,900,0.25631597222222224,0.7187604166666666,0.024923611111111188,0.9750763888888888,48.958333333333336,720,0.20600000000000002,6.5,6.43,0.008125,3.11375,2.7677777777777774,0.20645777777777777,0.004435833333333361
800,distributed,45,900.0,180.0,100,10,10800,19423f2529034312594f78faec448d679f4b23f92dfa22a8e074734325ef97b9,8cf4862fdd2fdbc6192b533ff8c4a90689e0a3a8fa85135a4974c5693f7ef2e3,5787,5787,4775,1012,0.8251252808017971,5.305555555555555,146.3482722513089,271.32000000000005,0.3167738888888889,0.365625,0.3616875,4546.907730460167,0.31662083333333335,0.6014930555555555,0.0818861111111111,0.9181138888888889,5.88,900,0.3822934027777778,0.6094392361111112,0.008267361111111038,0.991732638888889,6.459722222222222,720,0.2984375,6.5,6.43,0.008125,1.265,1.1244444444444444,0.2991006944444445,0.01767319444444443
800,centralized,46,900.0,180.0,100,10,10800,19423f2529034312594f78faec448d679f4b23f92dfa22a8e074734325ef97b9,e29f749fad6bb7ad9979b6e87a5c942f9e04771387141db2d66d6c99df84f8e4,5901,5901,3026,2875,0.5127944416200644,3.362222222222222,288.46434236616,512.95,0.20635847222222226,0.365625,0.3688125,257.26689256355166,0.20612083333333334,0.6722180555555556,0.12166111111111111,0.8783388888888889,46.48111111111111,900,0.24922395833333333,0.7258975694444443,0.024878472222222392,0.9751215277777776,50.71388888888889,720,0.189125,6.5,6.556666666666667,0.008125,3.59375,3.1944444444444446,0.18954527777777777,0.016813194444444485
800,distributed,46,900.0,180.0,100,10,10800,19423f2529034312594f78faec448d679f4b23f92dfa22a8e074734325ef97b9,e29f749fad6bb7ad9979b6e87a5c942f9e04771387141db2d66d6c99df84f8e4,5901,5901,4993,908,0.8461277749533977,5.547777777777778,146.33909473262568,273.78000000000003,0.32712763888888885,0.365625,0.3688125,3973.8008364196867,0.3270333333333334,0.5943430555555554,0.07862361111111116,0.9213763888888888,6.0633333333333335,900,0.39469791666666665,0.6012777777777778,0.004024305555555552,0.9959756944444444,6.688888888888889,720,0.3120625,6.5,6.556666666666667,0.008125,1.135,1.0088888888888885,0.31275597222222223,0.014371666666666616
