fleet_size,mode,metric,n,mean,standard_deviation,ci95_half_width,ci95_low,ci95_high
50,centralized,agent_work_fraction_final,5,0.7930017777777778,0.0213755691513281,0.026541274656319138,0.7664605031214586,0.819543052434097
50,centralized,arrival_completion_gap_tps,5,0.1377777777777778,0.020230157173370136,0.025119057840177372,0.11265871993760043,0.16289683561795518
50,centralized,average_completion_time_s,5,111.47266132622458,7.704789994190935,9.566760349507492,101.90590097671709,121.03942167573207
50,centralized,completed_nominal_work_fraction,5,0.7695999999999998,0.019165072397463068,0.02379658041889864,0.7458034195811012,0.7933965804188985
50,centralized,completed_work_state_fraction,5,0.7713102222222222,0.019207661447235173,0.023849461708718368,0.7474607605135039,0.7951596839309406
50,centralized,completion_rate,5,0.8616043349751269,0.0161723534253539,0.0200806290144893,0.8415237059606376,0.8816849639896162
50,centralized,full_active_fraction,5,0.9628266666666667,0.003713585336219258,0.004611025216240882,0.9582156414504258,0.9674376918829076
50,centralized,full_idle_fraction,5,0.03717333333333326,0.003713585336219258,0.004611025216240882,0.032562308117092376,0.041784358549574144
50,centralized,full_navigating_fraction,5,0.17019111111111113,0.022271820206454657,0.027654117324821925,0.1425369937862892,0.19784522843593305
50,centralized,full_working_fraction,5,0.7926355555555558,0.02121840919788498,0.026346134800169438,0.7662894207553863,0.8189816903557252
50,centralized,incomplete_task_work_fraction,5,0.021691555555555554,0.0023123647241047643,0.002871180028637271,0.018820375526918284,0.024562735584192825
50,centralized,latency_p90_s,5,180.74600000000004,16.807988576864254,20.869874298112506,159.87612570188753,201.61587429811254
50,centralized,offered_work_fraction_nominal,5,0.9,0.0,0.0,0.9,0.9
50,centralized,offered_work_fraction_realized,5,0.8936,0.03283747858773568,0.040773114954178465,0.8528268850458215,0.9343731149541784
50,centralized,post_warmup_active_fraction,5,0.9931333333333333,0.0018708699369511606,0.0023229918460340067,0.9908103414872993,0.9954563251793673
50,centralized,post_warmup_idle_fraction,5,0.006866666666666599,0.0018708699369511604,0.0023229918460340063,0.004543674820632592,0.009189658512700606
50,centralized,post_warmup_navigating_fraction,5,0.12865000000000001,0.026203762923634213,0.03253626903974328,0.09611373096025674,0.16118626903974329
50,centralized,post_warmup_working_fraction,5,0.8644833333333335,0.02674446550569269,0.0332076399696211,0.8312756933637124,0.8976909733029546
50,centralized,tasks_active_end,5,124.0,18.207141456033124,22.607152056159638,101.39284794384037,146.60715205615963
50,centralized,tasks_active_end_per_robot,5,2.48,0.3641428291206625,0.4521430411231927,2.027856958876807,2.932143041123193
50,centralized,throughput_tps,5,0.8551111111111112,0.02129452488607005,0.026440644909887342,0.8286704662012239,0.8815517560209984
50,distributed,agent_work_fraction_final,5,0.7417022222222222,0.010405873578814558,0.01292059859267382,0.7287816236295483,0.754622820814896
50,distributed,arrival_completion_gap_tps,5,0.19422222222222224,0.02876469028874477,0.03571608035101588,0.15850614187120637,0.2299383025732381
50,distributed,average_completion_time_s,5,132.11126491723377,7.476291555587897,9.283042064648326,122.82822285258544,141.3943069818821
50,distributed,completed_nominal_work_fraction,5,0.7188,0.01196662024132128,0.014858521533825102,0.7039414784661749,0.733658521533825
50,distributed,completed_work_state_fraction,5,0.7203973333333334,0.011993212730746362,0.01489154047056684,0.7055057928627666,0.7352888738039003
50,distributed,completion_rate,5,0.8049735335730596,0.02228772515324054,0.0276738659246393,0.7772996676484203,0.8326473994976988
50,distributed,full_active_fraction,5,0.9723555555555556,0.0029401855992479036,0.003650722606623289,0.9687048329489324,0.9760062781621789
50,distributed,full_idle_fraction,5,0.027644444444444406,0.002940185599247904,0.0036507226066232897,0.023993721837821117,0.0312951670510677
50,distributed,full_navigating_fraction,5,0.2309022222222222,0.011798844890104365,0.014650200920433067,0.21625202130178914,0.24555242314265527
50,distributed,full_working_fraction,5,0.7414533333333335,0.010254497357227355,0.012732640188144875,0.7287206931451886,0.7541859735214784
50,distributed,incomplete_task_work_fraction,5,0.021304888888888773,0.002378980692608224,0.0029538946784334933,0.01835099421045528,0.024258783567322265
50,distributed,latency_p90_s,5,239.02400000000003,15.441783575740185,19.17350673405081,219.8504932659492,258.1975067340508
50,distributed,offered_work_fraction_nominal,5,0.9,0.0,0.0,0.9,0.9
50,distributed,offered_work_fraction_realized,5,0.8936,0.03283747858773568,0.040773114954178465,0.8528268850458215,0.9343731149541784
50,distributed,post_warmup_active_fraction,5,0.9979388888888889,0.00016362973861142434,0.00020317315546929837,0.9977357157334197,0.9981420620443582
50,distributed,post_warmup_idle_fraction,5,0.002061111111111025,0.00016362973861142434,0.00020317315546929837,0.0018579379556417266,0.0022642842665803234
50,distributed,post_warmup_navigating_fraction,5,0.1789055555555556,0.016572379129141418,0.020577326529238386,0.1583282290263172,0.19948288208479398
50,distributed,post_warmup_working_fraction,5,0.8190333333333333,0.016594408176131153,0.02060467920380028,0.798428654129533,0.8396380125371335
50,distributed,tasks_active_end,5,174.8,25.888221259870292,32.14447231591429,142.6555276840857,206.9444723159143
50,distributed,tasks_active_end_per_robot,5,3.4959999999999996,0.5177644251974058,0.6428894463182859,2.853110553681714,4.138889446318285
50,distributed,throughput_tps,5,0.7986666666666666,0.013296244712579185,0.016509468370916762,0.7821571982957499,0.8151761350375833
100,centralized,agent_work_fraction_final,5,0.7185864444444444,0.02069328517856659,0.025694107210789734,0.6928923372336547,0.7442805516552341
100,centralized,arrival_completion_gap_tps,5,0.20933333333333337,0.017331196449477147,0.021519522677112716,0.18781381065622066,0.23085285601044608
100,centralized,average_completion_time_s,5,112.45712647375755,3.9773307327060947,4.938508379750566,107.518618094007,117.39563485350811
100,centralized,completed_nominal_work_fraction,5,0.6980000000000001,0.01986831648630555,0.024669773285963956,0.6733302267140361,0.722669773285964
100,centralized,completed_work_state_fraction,5,0.6995511111111112,0.019912468300719525,0.024724595004377164,0.674826516106734,0.7242757061154884
100,centralized,completion_rate,5,0.8809729221044851,0.011461294713046152,0.014231077017992574,0.8667418450864925,0.8952039991224776
100,centralized,full_active_fraction,5,0.9541711111111113,0.0024334550958880624,0.003021533583809702,0.9511495775273016,0.957192644694921
100,centralized,full_idle_fraction,5,0.04582888888888879,0.0024334550958880624,0.003021533583809702,0.042807355305079085,0.04885042247269849
100,centralized,full_navigating_fraction,5,0.23592000000000007,0.021224530706324272,0.026353735656813204,0.20956626434318687,0.2622737356568133
100,centralized,full_working_fraction,5,0.7182511111111112,0.02087781710125796,0.025923233855714926,0.6923278772553962,0.7441743449668261
100,centralized,incomplete_task_work_fraction,5,0.01903533333333336,0.0011511905806973787,0.0014293918991232228,0.017605941434210137,0.02046472523245658
100,centralized,latency_p90_s,5,182.43800000000002,11.727136052762424,14.561162638752528,167.87683736124748,196.99916263875255
100,centralized,offered_work_fraction_nominal,5,0.7875,0.0,0.0,0.7875,0.7875
100,centralized,offered_work_fraction_realized,5,0.7922,0.014078352176302466,0.017480583051348416,0.7747194169486517,0.8096805830513484
100,centralized,post_warmup_active_fraction,5,0.9898944444444446,0.0028430626797934745,0.00353012857413628,0.9863643158703084,0.9934245730185809
100,centralized,post_warmup_idle_fraction,5,0.010105555555555456,0.0028430626797934745,0.00353012857413628,0.006575426981419176,0.013635684129691737
100,centralized,post_warmup_navigating_fraction,5,0.1812611111111112,0.027569686536860476,0.03423228721458273,0.1470288238965285,0.21549339832569392
100,centralized,post_warmup_working_fraction,5,0.8086333333333332,0.0300664477593247,0.03733242573662778,0.7713009075967054,0.845965759069961
100,centralized,tasks_active_end,5,188.4,15.59807680452946,19.36757040940148,169.03242959059853,207.7675704094015
100,centralized,tasks_active_end_per_robot,5,1.884,0.15598076804529465,0.19367570409401486,1.690324295905985,2.077675704094015
100,centralized,throughput_tps,5,1.551111111111111,0.04415181441401229,0.05482171841325319,1.496289392697858,1.6059328295243642
100,distributed,agent_work_fraction_final,5,0.680993111111111,0.012130205829118881,0.015061639868818385,0.6659314712422927,0.6960547509799294
100,distributed,arrival_completion_gap_tps,5,0.29377777777777775,0.01558726925933349,0.019354151069622683,0.27442362670815507,0.31313192884740043
100,distributed,average_completion_time_s,5,128.47303918102358,4.076471156706264,5.061607474998232,123.41143170602535,133.5346466560218
100,distributed,completed_nominal_work_fraction,5,0.66,0.012995191418367026,0.01613566133395288,0.6438643386660472,0.6761356613339529
100,distributed,completed_work_state_fraction,5,0.6614666666666666,0.01302406962151893,0.016171518359139412,0.6452951483075272,0.6776381850258061
100,distributed,completion_rate,5,0.8331318234019454,0.008148565980385407,0.010117781014832539,0.8230140423871128,0.8432496044167779
100,distributed,full_active_fraction,5,0.9681711111111111,0.001864211348162275,0.002314724116056004,0.965856386995055,0.9704858352271671
100,distributed,full_idle_fraction,5,0.03182888888888884,0.001864211348162275,0.002314724116056004,0.029514164772832835,0.03414361300494484
100,distributed,full_navigating_fraction,5,0.28758666666666677,0.013599258785175528,0.016885710035808743,0.270700956630858,0.3044723767024755
100,distributed,full_working_fraction,5,0.6805844444444444,0.012152555490030617,0.015089390638144549,0.6654950538062999,0.695673835082589
100,distributed,incomplete_task_work_fraction,5,0.019526444444444402,0.0011876154654715926,0.0014746193671860849,0.01805182507725832,0.021001063811630485
100,distributed,latency_p90_s,5,230.61000000000004,4.490779442368564,5.576039157462632,225.0339608425374,236.1860391574627
100,distributed,offered_work_fraction_nominal,5,0.7875,0.0,0.0,0.7875,0.7875
100,distributed,offered_work_fraction_realized,5,0.7922,0.014078352176302466,0.017480583051348416,0.7747194169486517,0.8096805830513484
100,distributed,post_warmup_active_fraction,5,0.9978666666666667,7.581857813302832e-05,9.41411988627806e-05,0.9977725254678039,0.9979608078655294
100,distributed,post_warmup_idle_fraction,5,0.002133333333333276,7.581857813302832e-05,9.41411988627806e-05,0.0020391921344704955,0.002227474532196057
100,distributed,post_warmup_navigating_fraction,5,0.22660555555555564,0.016418689361197652,0.020386495477490323,0.2062190600780653,0.24699205103304597
100,distributed,post_warmup_working_fraction,5,0.7712611111111111,0.016429400259937464,0.02039979481484395,0.7508613162962671,0.7916609059259551
100,distributed,tasks_active_end,5,264.4,14.028542333400145,17.41873596266042,246.98126403733954,281.8187359626604
100,distributed,tasks_active_end_per_robot,5,2.644,0.1402854233340015,0.17418735962660428,2.4698126403733958,2.8181873596266045
100,distributed,throughput_tps,5,1.4666666666666663,0.028878203151926757,0.03585702518656199,1.4308096414801044,1.5025236918532283
200,centralized,agent_work_fraction_final,5,0.6002556666666667,0.0144425713710766,0.017932820912954225,0.5823228457537125,0.618188487579621
200,centralized,arrival_completion_gap_tps,5,0.4297777777777778,0.03769926481910806,0.04680981988463631,0.38296795789314153,0.4765875976624141
200,centralized,average_completion_time_s,5,127.3361952662065,4.207817577729306,5.224695597275457,122.11149966893105,132.56089086348197
200,centralized,completed_nominal_work_fraction,5,0.5822,0.013521279525252068,0.016788885996155207,0.5654111140038448,0.5989888859961553
200,centralized,completed_work_state_fraction,5,0.5834937777777778,0.013551326813085976,0.01682619463170224,0.5666675831460756,0.60031997240948
200,centralized,completion_rate,5,0.857565529213676,0.012066476568706014,0.014982509540531574,0.8425830196731444,0.8725480387542076
200,centralized,full_active_fraction,5,0.9452611111111111,0.0036227355634882875,0.004498220324195842,0.9407628907869152,0.949759331435307
200,centralized,full_idle_fraction,5,0.054738888888888934,0.0036227355634882875,0.004498220324195842,0.05024066856469309,0.059237109213084775
200,centralized,full_navigating_fraction,5,0.34524222222222223,0.015441760158418574,0.01917347765760563,0.3260687445646166,0.36441569987982786
200,centralized,full_working_fraction,5,0.6000188888888889,0.014453668315613802,0.01794659958947613,0.5820722892994128,0.617965488478365
200,centralized,incomplete_task_work_fraction,5,0.016761888888888854,0.0019869809517127214,0.002467162712858343,0.01429472617603051,0.019229051601747198
200,centralized,latency_p90_s,5,218.30800000000005,8.447687257468756,10.489189135683667,207.8188108643164,228.7971891356837
200,centralized,offered_work_fraction_nominal,5,0.675,0.0,0.0,0.675,0.675
200,centralized,offered_work_fraction_realized,5,0.6789,0.012489495586291711,0.015507757025223261,0.6633922429747767,0.6944077570252232
200,centralized,post_warmup_active_fraction,5,0.9909472222222222,0.0009408453686531648,0.0011682138221333852,0.9897790084000888,0.9921154360443556
200,centralized,post_warmup_idle_fraction,5,0.009052777777777821,0.0009408453686531648,0.0011682138221333852,0.007884563955644436,0.010220991599911206
200,centralized,post_warmup_navigating_fraction,5,0.29363611111111104,0.017010396892211444,0.021121197416216184,0.27251491369489483,0.31475730852732725
200,centralized,post_warmup_working_fraction,5,0.6973111111111112,0.016834155101182822,0.020902364329316993,0.6764087467817942,0.7182134754404282
200,centralized,tasks_active_end,5,386.8,33.9293383371972,42.12883789617261,344.6711621038274,428.92883789617264
200,centralized,tasks_active_end_per_robot,5,1.934,0.16964669168598612,0.2106441894808632,1.7233558105191367,2.144644189480863
200,centralized,throughput_tps,5,2.5875555555555554,0.06009457566778693,0.0746172710940231,2.5129382844615322,2.6621728266495785
200,distributed,agent_work_fraction_final,5,0.6034242222222223,0.009922669911823763,0.012320621995571308,0.591103600226651,0.6157448442177935
200,distributed,arrival_completion_gap_tps,5,0.4222222222222222,0.04209776980105031,0.05227128516663391,0.3699509370555883,0.47449350738885615
200,distributed,average_completion_time_s,5,128.69627418650197,4.152458176192709,5.155957821425359,123.5403163650766,133.8522320079273
200,distributed,completed_nominal_work_fraction,5,0.5839000000000001,0.0095042753537553,0.011801116535773324,0.5720988834642268,0.5957011165357734
200,distributed,completed_work_state_fraction,5,0.5851975555555555,0.00952539596565251,0.011827341239186122,0.5733702143163694,0.5970248967947417
200,distributed,completion_rate,5,0.8601651503146612,0.012331170797735044,0.015311170835249223,0.844853979479412,0.8754763211499105
200,distributed,full_active_fraction,5,0.961521111111111,0.0011976210988022202,0.0014870430018719526,0.9600340681092391,0.963008154112983
200,distributed,full_idle_fraction,5,0.03847888888888902,0.0011976210988022202,0.0014870430018719526,0.036991845887017066,0.039965931890760975
200,distributed,full_navigating_fraction,5,0.3583855555555554,0.010543619420949635,0.013091632645755205,0.3452939229098002,0.3714771882013106
200,distributed,full_working_fraction,5,0.6031355555555555,0.00988789055509967,0.012277437720446316,0.5908581178351092,0.6154129932760019
200,distributed,incomplete_task_work_fraction,5,0.018226666666666703,0.0027388948613863142,0.0034007871442486817,0.014825879522418022,0.021627453810915385
200,distributed,latency_p90_s,5,239.82000000000016,4.700707393573939,5.836699136691023,233.98330086330915,245.65669913669117
200,distributed,offered_work_fraction_nominal,5,0.675,0.0,0.0,0.675,0.675
200,distributed,offered_work_fraction_realized,5,0.6789,0.012489495586291711,0.015507757025223261,0.6633922429747767,0.6944077570252232
200,distributed,post_warmup_active_fraction,5,0.9979277777777777,2.9707291161382322e-05,3.6886473919245385e-05,0.9978908913038586,0.9979646642516969
200,distributed,post_warmup_idle_fraction,5,0.002072222222222231,2.9707291161382322e-05,3.6886473919245385e-05,0.0020353357483029856,0.0021091086961414762
200,distributed,post_warmup_navigating_fraction,5,0.29570694444444445,0.0120862039613763,0.015007004333788699,0.28069994011065574,0.31071394877823316
200,distributed,post_warmup_working_fraction,5,0.7022208333333333,0.01209020637862639,0.015011973991193923,0.6872088593421394,0.7172328073245272
200,distributed,tasks_active_end,5,380.0,37.887992820945264,47.0441566499705,332.9558433500295,427.0441566499705
200,distributed,tasks_active_end_per_robot,5,1.9,0.18943996410472644,0.23522078324985263,1.6647792167501474,2.1352207832498524
200,distributed,throughput_tps,5,2.5951111111111116,0.042241223794467965,0.05244940682565917,2.5426617042854525,2.6475605179367707
300,centralized,agent_work_fraction_final,5,0.5026293333333333,0.009110126133900762,0.01131171563955984,0.4913176176937734,0.513941048972893
300,centralized,arrival_completion_gap_tps,5,0.7804444444444446,0.055658792967220365,0.06910951941087452,0.7113349250335701,0.8495539638553191
300,centralized,average_completion_time_s,5,154.6122126789859,4.578972206647547,5.685544937769917,148.926667741216,160.29775761675583
300,centralized,completed_nominal_work_fraction,5,0.48436666666666667,0.013488369475630138,0.01674802277236056,0.46761864389430613,0.5011146894390273
300,centralized,completed_work_state_fraction,5,0.48544303703703706,0.01351834363002043,0.016785240600743583,0.46865779643629346,0.5022282776377807
300,centralized,completion_rate,5,0.8052646353713258,0.015184879173168745,0.018854517786397806,0.786410117584928,0.8241191531577235
300,centralized,full_active_fraction,5,0.9349237037037037,0.004313987045062377,0.005356522402571402,0.9295671813011323,0.9402802261062752
300,centralized,full_idle_fraction,5,0.06507629629629634,0.004313987045062377,0.005356522402571402,0.05971977389372494,0.07043281869886775
300,centralized,full_navigating_fraction,5,0.43253407407407407,0.006777309435346779,0.008415141130556792,0.42411893294351727,0.4409492152046309
300,centralized,full_working_fraction,5,0.5023896296296296,0.009146175150862794,0.011356476406092235,0.4910331532235374,0.5137461060357219
300,centralized,incomplete_task_work_fraction,5,0.017186296296296276,0.004935810015341458,0.006128617598023069,0.011057678698273208,0.023314913894319344
300,centralized,latency_p90_s,5,277.4240000000001,13.235597077578378,16.434164385960056,260.98983561404003,293.85816438596015
300,centralized,offered_work_fraction_nominal,5,0.6,0.0,0.0,0.6,0.6
300,centralized,offered_work_fraction_realized,5,0.6014333333333333,0.007191430084946025,0.008929339832076935,0.5925039935012564,0.6103626731654102
300,centralized,post_warmup_active_fraction,5,0.9887185185185187,0.0013574544608084514,0.0016855023331869598,0.9870330161853317,0.9904040208517056
300,centralized,post_warmup_idle_fraction,5,0.011281481481481448,0.0013574544608084514,0.0016855023331869598,0.009595979148294489,0.012966983814668407
300,centralized,post_warmup_navigating_fraction,5,0.39330740740740744,0.00860002621857743,0.010678342939216072,0.3826290644681914,0.4039857503466235
300,centralized,post_warmup_working_fraction,5,0.5954111111111111,0.008499444854985272,0.010553454681153445,0.5848576564299577,0.6059645657922645
300,centralized,tasks_active_end,5,702.4,50.09291367049834,62.198567469787086,640.2014325302129,764.5985674697871
300,centralized,tasks_active_end_per_robot,5,2.3413333333333335,0.16697637890166112,0.20732855823262356,2.13400477510071,2.548661891565957
300,centralized,throughput_tps,5,3.2291111111111115,0.08992246317086758,0.11165348514907038,3.1174576259620412,3.3407645962601817
300,distributed,agent_work_fraction_final,5,0.5411737777777779,0.006474212259098214,0.008038796278851727,0.5331349814989261,0.5492125740566296
300,distributed,arrival_completion_gap_tps,5,0.5222222222222224,0.02739739556875117,0.03401835972226573,0.4882038624999566,0.5562405819444881
300,distributed,average_completion_time_s,5,128.45703488371808,2.9025033807025284,3.6039339524830503,124.85310093123503,132.06096883620114
300,distributed,completed_nominal_work_fraction,5,0.5231,0.0063864004815788415,0.007929763556087644,0.5151702364439124,0.5310297635560877
300,distributed,completed_work_state_fraction,5,0.5242624444444445,0.006400592482649078,0.007947385252879026,0.5163150591915654,0.5322098296973236
300,distributed,completion_rate,5,0.8697710139102824,0.0062120491686451585,0.0077132778077783305,0.8620577361025041,0.8774842917180607
300,distributed,full_active_fraction,5,0.9559362962962963,0.0016389953930658662,0.002035081572791717,0.9539012147235045,0.957971377869088
300,distributed,full_idle_fraction,5,0.044063703703703716,0.0016389953930658662,0.002035081572791717,0.042028622130912,0.046098785276495434
300,distributed,full_navigating_fraction,5,0.41499555555555556,0.006046848083267164,0.007508153567600288,0.4074874019879553,0.4225037091231558
300,distributed,full_working_fraction,5,0.5409407407407407,0.006511682021066738,0.00808532113330931,0.5328554196074314,0.54902606187405
300,distributed,incomplete_task_work_fraction,5,0.0169113333333333,0.0006495973533939092,0.0008065816470376664,0.016104751686295632,0.017717914980370966
300,distributed,latency_p90_s,5,240.80800000000008,7.639998036648929,9.486310508454435,231.32168949154564,250.29431050845452
300,distributed,offered_work_fraction_nominal,5,0.6,0.0,0.0,0.6,0.6
300,distributed,offered_work_fraction_realized,5,0.6014333333333333,0.007191430084946025,0.008929339832076935,0.5925039935012564,0.6103626731654102
300,distributed,post_warmup_active_fraction,5,0.9981166666666667,9.877507668966241e-05,0.00012264545664536988,0.9979940212100212,0.9982393121233121
300,distributed,post_warmup_idle_fraction,5,0.0018833333333333035,9.877507668966241e-05,0.00012264545664536988,0.0017606878766879335,0.0020059787899786735
300,distributed,post_warmup_navigating_fraction,5,0.3623203703703704,0.0065316259671193986,0.008110084813105014,0.3542102855572654,0.3704304551834754
300,distributed,post_warmup_working_fraction,5,0.6357962962962963,0.006518747858707561,0.008094094529525071,0.6277022017667713,0.6438903908258213
300,distributed,tasks_active_end,5,470.0,24.657656011875904,30.616523750038972,439.383476249961,500.616523750039
300,distributed,tasks_active_end_per_robot,5,1.5666666666666669,0.08219218670625307,0.10205507916679665,1.4646115874998702,1.6687217458334636
300,distributed,throughput_tps,5,3.4873333333333334,0.042576003210525896,0.05286509037391798,3.4344682429594156,3.5401984237072512
500,centralized,agent_work_fraction_final,5,0.3270176888888889,0.010625025356077233,0.013192711464643255,0.31382497742424564,0.3402104003535321
500,centralized,arrival_completion_gap_tps,5,1.4444444444444446,0.09373590429011926,0.11638849769611505,1.3280559467483295,1.5608329421405598
500,centralized,average_completion_time_s,5,220.24998973640245,3.111593332732118,3.863553418304344,216.3864363180981,224.1135431547068
500,centralized,completed_nominal_work_fraction,5,0.31927999999999995,0.009444416339827469,0.011726791753211157,0.3075532082467888,0.3310067917532111
500,centralized,completed_work_state_fraction,5,0.3199895111111111,0.009465403931693735,0.011752851290440494,0.3082366598206706,0.33174236240155164
500,centralized,completion_rate,5,0.7106290169884587,0.019032527940202573,0.023632004738156822,0.6869970122503019,0.7342610217266156
500,centralized,full_active_fraction,5,0.9042475555555555,0.004360880701627455,0.005414748567672392,0.898832806987883,0.9096623041232279
500,centralized,full_idle_fraction,5,0.09575244444444449,0.004360880701627455,0.005414748567672392,0.0903376958767721,0.10116719301211688
500,centralized,full_navigating_fraction,5,0.5772991111111111,0.010404343062774359,0.012918698206008031,0.5643804129051031,0.5902178093171191
500,centralized,full_working_fraction,5,0.3269484444444445,0.010616339305377991,0.013181926308203433,0.31376651813624107,0.3401303707526479
500,centralized,incomplete_task_work_fraction,5,0.007028177777777778,0.0024997162476006352,0.003103807670370721,0.003924370107407057,0.010131985448148499
500,centralized,latency_p90_s,5,414.89400000000006,4.879803274723252,6.0590760445407055,408.8349239554594,420.95307604454075
500,centralized,offered_work_fraction_nominal,5,0.45,0.0,0.0,0.45,0.45
500,centralized,offered_work_fraction_realized,5,0.44928,0.0043928350754381855,0.005454425163218321,0.4438255748367817,0.4547344251632183
500,centralized,post_warmup_active_fraction,5,0.983013888888889,0.0012697938979259412,0.0015766573681934694,0.9814372315206955,0.9845905462570824
500,centralized,post_warmup_idle_fraction,5,0.016986111111111125,0.0012697938979259412,0.0015766573681934694,0.015409453742917656,0.018562768479304596
500,centralized,post_warmup_navigating_fraction,5,0.5879188888888889,0.013900158400154366,0.017259326254801338,0.5706595626340876,0.6051782151436902
500,centralized,post_warmup_working_fraction,5,0.39509500000000003,0.012730613802082659,0.01580714483308201,0.37928785516691804,0.410902144833082
500,centralized,tasks_active_end,5,1300.0,84.36231386110744,104.74964792650368,1195.2503520734963,1404.7496479265037
500,centralized,tasks_active_end_per_robot,5,2.5999999999999996,0.1687246277222148,0.20949929585300728,2.3905007041469926,2.8094992958530067
500,centralized,throughput_tps,5,3.547555555555556,0.1049379593314163,0.1302976861467906,3.417257869408765,3.6778532417023464
500,distributed,agent_work_fraction_final,5,0.4033385777777777,0.004236770918669559,0.005260645918348689,0.398077931859429,0.4085992236961264
500,distributed,arrival_completion_gap_tps,5,0.6799999999999999,0.04236816881097255,0.052607029882404295,0.6273929701175956,0.7326070298824042
500,distributed,average_completion_time_s,5,133.19290646221344,1.167976207291484,1.4502340073524151,131.74267245486104,134.64314046956585
500,distributed,completed_nominal_work_fraction,5,0.38808,0.003985849972088769,0.004949086412584113,0.38313091358741586,0.3930290864125841
500,distributed,completed_work_state_fraction,5,0.3889424,0.003994707416471184,0.004960084382389849,0.38398231561761015,0.3939024843823899
500,distributed,completion_rate,5,0.8638072868254785,0.007901049671728187,0.009810448925404577,0.8539968379000739,0.8736177357508831
500,distributed,full_active_fraction,5,0.938816888888889,0.004495260219880931,0.005581602777583699,0.9332352861113054,0.9443984916664727
500,distributed,full_idle_fraction,5,0.06118311111111112,0.004495260219880931,0.005581602777583699,0.05560150833352742,0.06676471388869482
500,distributed,full_navigating_fraction,5,0.5356182222222221,0.003901127852111258,0.004843890006356537,0.5307743322158656,0.5404621122285787
500,distributed,full_working_fraction,5,0.40319866666666665,0.004209026044931724,0.005226196107493711,0.39797247055917295,0.40842486277416035
500,distributed,incomplete_task_work_fraction,5,0.014396177777777764,0.0020429747277613463,0.0025366881687014045,0.01185948960907636,0.016932865946479168
500,distributed,latency_p90_s,5,245.90800000000004,4.750470503013356,5.898488198120622,240.00951180187943,251.80648819812066
500,distributed,offered_work_fraction_nominal,5,0.45,0.0,0.0,0.45,0.45
500,distributed,offered_work_fraction_realized,5,0.44928,0.0043928350754381855,0.005454425163218321,0.4438255748367817,0.4547344251632183
500,distributed,post_warmup_active_fraction,5,0.9972433333333335,0.00183368325785115,0.002276818485382767,0.9949665148479507,0.9995201518187162
500,distributed,post_warmup_idle_fraction,5,0.0027566666666666516,0.00183368325785115,0.002276818485382767,0.00047984818128388477,0.005033485152049419
500,distributed,post_warmup_navigating_fraction,5,0.5170411111111111,0.004257458234355762,0.005286332613455723,0.5117547784976554,0.5223274437245667
500,distributed,post_warmup_working_fraction,5,0.4802022222222222,0.003937977092397444,0.004889644381381055,0.47531257784084113,0.48509186660360326
500,distributed,tasks_active_end,5,612.0,38.13135192987524,47.346326894163795,564.6536731058362,659.3463268941638
500,distributed,tasks_active_end_per_robot,5,1.224,0.07626270385975044,0.09469265378832754,1.1293073462116725,1.3186926537883275
500,distributed,throughput_tps,5,4.312,0.04428722191209738,0.05498984902871228,4.257010150971288,4.3669898490287125
600,centralized,agent_work_fraction_final,5,0.29274951851851855,0.005889004052857143,0.007312164317708786,0.28543735420080973,0.30006168283622736
600,centralized,arrival_completion_gap_tps,5,1.7077777777777772,0.06057339186861782,0.07521179993235153,1.6325659778454256,1.7829895777101288
600,centralized,average_completion_time_s,5,231.21757127628945,6.6614100599537025,8.271233048716907,222.94633822757254,239.48880432500636
600,centralized,completed_nominal_work_fraction,5,0.2841666666666667,0.003626675857831501,0.004503112845824136,0.27966355382084257,0.2886697795124908
600,centralized,completed_work_state_fraction,5,0.28479814814814813,0.0036347351375155654,0.004513119763259294,0.28028502838488883,0.28931126791140743
600,centralized,completion_rate,5,0.6893333224851522,0.009731430446540148,0.012083166836492904,0.6772501556486593,0.7014164893216451
600,centralized,full_active_fraction,5,0.8953203703703702,0.0040733501040248294,0.005057732176247198,0.890262638194123,0.9003781025466173
600,centralized,full_idle_fraction,5,0.1046796296296297,0.0040733501040248294,0.005057732176247198,0.09962189745338251,0.1097373618058769
600,centralized,full_navigating_fraction,5,0.6026485185185184,0.007571814319240031,0.009401649241284105,0.5932468692772344,0.6120501677598025
600,centralized,full_working_fraction,5,0.29267185185185185,0.005837784956313413,0.007248567409509913,0.28542328444234194,0.29992041926136176
600,centralized,incomplete_task_work_fraction,5,0.007951370370370369,0.004413840254881287,0.005480506538308631,0.0024708638320617383,0.013431876908678999
600,centralized,latency_p90_s,5,430.3500000000001,16.118892641865916,20.014248684316506,410.3357513156836,450.3642486843166
600,centralized,offered_work_fraction_nominal,5,0.4125,0.0,0.0,0.4125,0.4125
600,centralized,offered_work_fraction_realized,5,0.41224999999999995,0.003202104342806812,0.0039759376809551505,0.4082740623190448,0.4162259376809551
600,centralized,post_warmup_active_fraction,5,0.9805476851851852,0.002413801715491126,0.002997130688927822,0.9775505544962574,0.983544815874113
600,centralized,post_warmup_idle_fraction,5,0.019452314814814888,0.002413801715491126,0.002997130688927822,0.016455184125887066,0.02244944550374271
600,centralized,post_warmup_navigating_fraction,5,0.626987962962963,0.007576321063733337,0.009407245103670548,0.6175807178592925,0.6363952080666335
600,centralized,post_warmup_working_fraction,5,0.3535597222222222,0.007570498319715412,0.009400015212052734,0.34415970701016946,0.36295973743427495
600,centralized,tasks_active_end,5,1537.0,54.516052681756044,67.69061993911637,1469.3093800608835,1604.6906199391165
600,centralized,tasks_active_end_per_robot,5,2.5616666666666665,0.09086008780292669,0.11281769989852723,2.4488489667681392,2.674484366565194
600,centralized,throughput_tps,5,3.788888888888889,0.04835567810441991,0.06004150461098835,3.7288473842779006,3.8489303934998778
600,distributed,agent_work_fraction_final,5,0.36529266666666665,0.004415581023105003,0.005482667987541236,0.35980999867912544,0.37077533465420787
600,distributed,arrival_completion_gap_tps,5,0.8317777777777776,0.05750791679262218,0.07140550989309678,0.7603722678846808,0.9031832876708744
600,distributed,average_completion_time_s,5,138.79077069758932,2.5534404158116986,3.1705150358718415,135.6202556617175,141.96128573346115
600,distributed,completed_nominal_work_fraction,5,0.34986666666666666,0.005228328286045796,0.006491827003573469,0.3433748396630932,0.35635849367024014
600,distributed,completed_work_state_fraction,5,0.35064414814814815,0.005239946793348142,0.006506253285803659,0.3441378948623445,0.3571504014339518
600,distributed,completion_rate,5,0.8486724313166967,0.010468823376587614,0.012998761090262831,0.8356736702264338,0.8616711924069596
600,distributed,full_active_fraction,5,0.9331055555555556,0.004541249367320256,0.005638705846267193,0.9274668497092884,0.9387442614018229
600,distributed,full_idle_fraction,5,0.06689444444444445,0.004541249367320256,0.005638705846267193,0.061255738598177255,0.07253315029071164
600,distributed,full_navigating_fraction,5,0.5679792592592593,0.003336663562773165,0.004143015020013752,0.5638362442392455,0.5721222742792731
600,distributed,full_working_fraction,5,0.3651262962962963,0.0044330800695009265,0.005504395923453952,0.3596219003728423,0.37063069221975026
600,distributed,incomplete_task_work_fraction,5,0.014648518518518505,0.0029365814619114277,0.003646247479048005,0.0110022710394705,0.01829476599756651
600,distributed,latency_p90_s,5,257.67600000000004,6.8954354467285315,8.561813946140923,249.11418605385913,266.237813946141
600,distributed,offered_work_fraction_nominal,5,0.4125,0.0,0.0,0.4125,0.4125
600,distributed,offered_work_fraction_realized,5,0.41224999999999995,0.003202104342806812,0.0039759376809551505,0.4082740623190448,0.4162259376809551
600,distributed,post_warmup_active_fraction,5,0.9965782407407409,0.0016855201323112221,0.0020928496665384936,0.9944853910742024,0.9986710904072793
600,distributed,post_warmup_idle_fraction,5,0.0034217592592592273,0.0016855201323112223,0.0020928496665384936,0.0013289095927207337,0.0055146089257977204
600,distributed,post_warmup_navigating_fraction,5,0.559562962962963,0.004243493870189698,0.005268993565212915,0.5542939693977501,0.564831956528176
600,distributed,post_warmup_working_fraction,5,0.4370152777777777,0.005070070304255032,0.0062953237651554896,0.4307199540126222,0.4433106015429332
600,distributed,tasks_active_end,5,748.6,51.75712511336,64.26495890378715,684.3350410962129,812.8649589037872
600,distributed,tasks_active_end_per_robot,5,1.2476666666666667,0.08626187518893334,0.10710826483964526,1.1405584018270214,1.354774931506312
600,distributed,throughput_tps,5,4.664888888888888,0.06971104381394415,0.08655769338097984,4.578331195507908,4.751446582269868
700,centralized,agent_work_fraction_final,5,0.2515129523809524,0.005467621866154626,0.0067889492269958916,0.2447240031539565,0.2583019016079483
700,centralized,arrival_completion_gap_tps,5,2.246666666666667,0.10398539783528729,0.1291149248309721,2.117551741835695,2.3757815914976392
700,centralized,average_completion_time_s,5,258.0260425891428,7.697441533071167,9.557636029892874,248.4684065592499,267.58367861903565
700,centralized,completed_nominal_work_fraction,5,0.2414285714285714,0.004500566857720956,0.005588191838741164,0.23584037958983026,0.24701676326731256
700,centralized,completed_work_state_fraction,5,0.24196507936507938,0.004510568117404783,0.00560061004282726,0.23636446932225214,0.24756568940790663
700,centralized,completion_rate,5,0.6257669747559288,0.015069951101052746,0.018711815736868406,0.6070551590190604,0.6444787904927972
700,centralized,full_active_fraction,5,0.8874031746031745,0.005646830472172524,0.007011466101256599,0.880391708501918,0.8944146407044311
700,centralized,full_idle_fraction,5,0.1125968253968254,0.0056468304721725236,0.007011466101256599,0.10558535929556881,0.119608291498082
700,centralized,full_navigating_fraction,5,0.6359996825396825,0.01080296262659993,0.01341364976738993,0.6225860327722926,0.6494133323070724
700,centralized,full_working_fraction,5,0.2514034920634921,0.005403160310913135,0.0067089096345843095,0.2446945824289078,0.2581124016980764
700,centralized,incomplete_task_work_fraction,5,0.00954787301587302,0.005345017432901845,0.006636715716205738,0.0029111572996672825,0.01618458873207876
700,centralized,latency_p90_s,5,473.44800000000004,15.743465946226705,19.548094872376694,453.89990512762336,492.9960948723767
700,centralized,offered_work_fraction_nominal,5,0.38571428571428573,0.0,0.0,0.38571428571428573,0.38571428571428573
700,centralized,offered_work_fraction_realized,5,0.38585714285714284,0.003100362059172962,0.003849607950271962,0.3820075349068709,0.3897067508074148
700,centralized,post_warmup_active_fraction,5,0.9779515873015873,0.0035829956532870953,0.0044488767084071715,0.97350271059318,0.9824004640099945
700,centralized,post_warmup_idle_fraction,5,0.02204841269841269,0.0035829956532870953,0.0044488767084071715,0.017599535990005518,0.02649728940681986
700,centralized,post_warmup_navigating_fraction,5,0.6734571428571429,0.010255199486716271,0.012733511997053339,0.6607236308600896,0.6861906548541962
700,centralized,post_warmup_working_fraction,5,0.30449444444444446,0.007701175585255533,0.009562272468057617,0.2949321719763868,0.3140567169125021
700,centralized,tasks_active_end,5,2022.0,93.58685805175853,116.20343234787485,1905.796567652125,2138.2034323478747
700,centralized,tasks_active_end_per_robot,5,2.888571428571429,0.1336955115025122,0.16600490335410695,2.7225665252173217,3.054576331925536
700,centralized,throughput_tps,5,3.7555555555555555,0.07000881778677043,0.08692742860264034,3.6686281269529153,3.842482984158196
700,distributed,agent_work_fraction_final,5,0.3436304126984127,0.005437435576749171,0.006751467998201779,0.33687894470021096,0.35038188069661447
700,distributed,arrival_completion_gap_tps,5,0.9202222222222222,0.06011511590684822,0.07464277516938,0.8455794470528422,0.9948649973916022
700,distributed,average_completion_time_s,5,144.4167896922209,1.9605949338178237,2.434400144382288,141.9823895478386,146.8511898366032
700,distributed,completed_nominal_work_fraction,5,0.32670000000000005,0.005873322600312952,0.007292693222645122,0.3194073067773549,0.3339926932226452
700,distributed,completed_work_state_fraction,5,0.327426,0.005886374428313638,0.007308899207584322,0.3201171007924157,0.3347348992075843
700,distributed,completion_rate,5,0.8466513052017006,0.010634139285433275,0.013204027902606824,0.8334472772990938,0.8598553331043074
700,distributed,full_active_fraction,5,0.9278514285714285,0.0038404074855183387,0.004768495713200374,0.9230829328582282,0.9326199242846289
700,distributed,full_idle_fraction,5,0.07214857142857134,0.003840407485518339,0.004768495713200375,0.06738007571537097,0.07691706714177171
700,distributed,full_navigating_fraction,5,0.5843863492063492,0.004470393155639256,0.005550726239173792,0.5788356229671755,0.589937075445523
700,distributed,full_working_fraction,5,0.3434650793650794,0.005461972917192859,0.006781935130442375,0.336683144234637,0.3502470144955218
700,distributed,incomplete_task_work_fraction,5,0.016204412698412697,0.0015554262798566061,0.001931316813557964,0.014273095884854732,0.01813572951197066
700,distributed,latency_p90_s,5,273.2960000000001,5.06184551324912,6.285111338270698,267.0108886617294,279.58111133827083
700,distributed,offered_work_fraction_nominal,5,0.38571428571428573,0.0,0.0,0.38571428571428573,0.38571428571428573
700,distributed,offered_work_fraction_realized,5,0.38585714285714284,0.003100362059172962,0.003849607950271962,0.3820075349068709,0.3897067508074148
700,distributed,post_warmup_active_fraction,5,0.9955984126984128,0.0024251558095159083,0.0030112286587106146,0.9925871840397021,0.9986096413571234
700,distributed,post_warmup_idle_fraction,5,0.004401587301587217,0.0024251558095159083,0.0030112286587106146,0.0013903586428766026,0.007412815960297832
700,distributed,post_warmup_navigating_fraction,5,0.581940873015873,0.005821702008001419,0.007228597791605938,0.5747122752242672,0.589169470807479
700,distributed,post_warmup_working_fraction,5,0.4136575396825397,0.0053678645281403006,0.00666508413182686,0.40699245555071284,0.4203226238143666
700,distributed,tasks_active_end,5,828.2,54.10360431616363,67.17849765244229,761.0215023475578,895.3784976524423
700,distributed,tasks_active_end_per_robot,5,1.1831428571428573,0.07729086330880519,0.09596928236063185,1.0871735747822253,1.2791121395034892
700,distributed,throughput_tps,5,5.082,0.09136279600486803,0.11344189457447953,4.968558105425521,5.195441894574479
800,centralized,agent_work_fraction_final,5,0.21347825,0.0066594130870494895,0.008268753479356355,0.20520949652064366,0.22174700347935636
800,centralized,arrival_completion_gap_tps,5,2.9557777777777776,0.1634757504575353,0.20298195392246446,2.752795823855313,3.158759731700242
800,centralized,average_completion_time_s,5,280.86672263100854,4.374804694987389,5.43203748893865,275.4346851420699,286.2987601199472
800,centralized,completed_nominal_work_fraction,5,0.19899999999999998,0.007184374320356651,0.008920578943206506,0.19007942105679348,0.20792057894320648
800,centralized,completed_work_state_fraction,5,0.19944222222222222,0.007200339596624105,0.008940402451969183,0.19050181977025304,0.20838262467419139
800,centralized,completion_rate,5,0.5449152461666131,0.022363401451356808,0.02776783045952761,0.5171474157070856,0.5726830766261407
800,centralized,full_active_fraction,5,0.8793422222222222,0.0032496926196047215,0.00403502633099167,0.8753071958912306,0.8833772485532139
800,centralized,full_idle_fraction,5,0.12065777777777775,0.0032496926196047215,0.00403502633099167,0.11662275144678608,0.12469280410876943
800,centralized,full_navigating_fraction,5,0.6660586111111112,0.004339884026583869,0.005388677752188788,0.6606699333589224,0.6714472888633
800,centralized,full_working_fraction,5,0.2132836111111111,0.0066384848058103785,0.008242767585997469,0.20504084352511365,0.22152637869710856
800,centralized,incomplete_task_work_fraction,5,0.014036027777777803,0.005491908358047723,0.006819104889622217,0.007216922888155586,0.020855132667400023
800,centralized,latency_p90_s,5,509.35,7.800596131065852,9.685719380472058,499.664280619528,519.0357193804721
800,centralized,offered_work_fraction_nominal,5,0.365625,0.0,0.0,0.365625,0.365625
800,centralized,offered_work_fraction_realized,5,0.3652625,0.0031827169996718205,0.003951865114963609,0.3613106348850364,0.3692143651149636
800,centralized,post_warmup_active_fraction,5,0.9737281249999998,0.002068069663596359,0.0025678476470649735,0.9711602773529349,0.9762959726470648
800,centralized,post_warmup_idle_fraction,5,0.026271875000000076,0.0020680696635963594,0.002567847647064974,0.023704027352935104,0.02883972264706505
800,centralized,post_warmup_navigating_fraction,5,0.7151267361111111,0.008574050003700269,0.010646089208393494,0.7044806469027176,0.7257728253195046
800,centralized,post_warmup_working_fraction,5,0.2586013888888889,0.007982418247186323,0.009911481356136072,0.24868990753275283,0.26851287024502496
800,centralized,tasks_active_end,5,2660.2,147.12817541178168,182.68375853021791,2477.516241469782,2842.8837585302176
800,centralized,tasks_active_end_per_robot,5,3.3252499999999996,0.1839102192647271,0.2283546981627724,3.096895301837227,3.553604698162772
800,centralized,throughput_tps,5,3.537777777777778,0.12772221013967375,0.15858807010144893,3.379189707676329,3.696365847879227
800,distributed,agent_work_fraction_final,5,0.32342125,0.004515743096729868,0.005607035628346665,0.3178142143716533,0.3290282856283467
800,distributed,arrival_completion_gap_tps,5,1.019111111111111,0.06705166609358724,0.08325563980798746,0.9358554713031236,1.1023667509190986
800,distributed,average_completion_time_s,5,147.50743701202472,1.422677838297769,1.7664878528566992,145.74094915916803,149.27392486488142
800,distributed,completed_nominal_work_fraction,5,0.3079375,0.005617529761825911,0.006975084464097413,0.3009624155359026,0.31491258446409737
800,distributed,completed_work_state_fraction,5,0.3086218055555555,0.005630013161296627,0.0069905846517953965,0.3016312209037601,0.31561239020735093
800,distributed,completion_rate,5,0.8430267072314702,0.010889703666501608,0.013521352993802601,0.8295053542376676,0.8565480602252729
800,distributed,full_active_fraction,5,0.9218777777777778,0.005943919288199491,0.007380350588386265,0.9144974271893915,0.9292581283661641
800,distributed,full_idle_fraction,5,0.07812222222222223,0.005943919288199491,0.007380350588386265,0.07074187163383597,0.0855025728106085
800,distributed,full_navigating_fraction,5,0.5985925000000001,0.008232267969290793,0.010221710761034408,0.5883707892389657,0.6088142107610345
800,distributed,full_working_fraction,5,0.32328527777777777,0.004548572582534033,0.005647798818949239,0.31763747895882855,0.328933076596727
800,distributed,incomplete_task_work_fraction,5,0.014799444444444443,0.0019174304209976475,0.0023808043228134702,0.012418640121630973,0.017180248767257912
800,distributed,latency_p90_s,5,277.50800000000004,7.446725454855949,9.2463309018022,268.26166909819784,286.75433090180223
800,distributed,offered_work_fraction_nominal,5,0.365625,0.0,0.0,0.365625,0.365625
800,distributed,offered_work_fraction_realized,5,0.3652625,0.0031827169996718205,0.003951865114963609,0.3613106348850364,0.3692143651149636
800,distributed,post_warmup_active_fraction,5,0.9936875000000001,0.0033118554924912082,0.004112211732279738,0.9895752882677203,0.9977997117322798
800,distributed,post_warmup_idle_fraction,5,0.006312499999999943,0.0033118554924912082,0.004112211732279738,0.0022002882677202053,0.010424711732279681
800,distributed,post_warmup_navigating_fraction,5,0.6036211805555556,0.007170283009884619,0.008903082270305871,0.5947180982852497,0.6125242628258615
800,distributed,post_warmup_working_fraction,5,0.3900663194444444,0.005745645283026434,0.007134160894383214,0.3829321585500612,0.39720048033882766
800,distributed,tasks_active_end,5,917.2,60.34649948422858,74.9300758271888,842.2699241728112,992.1300758271889
800,distributed,tasks_active_end_per_robot,5,1.1465,0.07543312435528571,0.09366259478398598,1.052837405216014,1.240162594783986
800,distributed,throughput_tps,5,5.474444444444445,0.09986719576579423,0.1240015015839543,5.35044294286049,5.5984459460283995
