fleet_size,metric,difference,n,mean,standard_deviation,ci95_half_width,ci95_low,ci95_high
50,agent_work_fraction_final,distributed_minus_centralized,5,-0.05129955555555563,0.012225629666431878,0.015180124212180388,-0.06647967976773603,-0.036119431343375245
50,average_completion_time_s,distributed_minus_centralized,5,20.638603591009204,4.488933610793404,5.573747254849008,15.064856336160197,26.21235084585821
50,completion_rate,distributed_minus_centralized,5,-0.05663080140206742,0.009222623172081714,0.011451399161773684,-0.06808220056384111,-0.04517940224029374
50,full_active_fraction,distributed_minus_centralized,5,0.009528888888888854,0.001715679327717024,0.00213029725368867,0.007398591635200184,0.011659186142577525
50,full_idle_fraction,distributed_minus_centralized,5,-0.009528888888888854,0.001715679327717024,0.00213029725368867,-0.011659186142577525,-0.007398591635200184
50,full_navigating_fraction,distributed_minus_centralized,5,0.06071111111111109,0.012637861985144288,0.015691978241221646,0.04501913286988944,0.07640308935233274
50,full_working_fraction,distributed_minus_centralized,5,-0.05118222222222224,0.012128890110337503,0.015060006188175786,-0.06624222841039802,-0.03612221603404645
50,latency_p90_s,distributed_minus_centralized,5,58.27799999999998,10.092706277307352,12.531750028977699,45.74624997102228,70.80975002897767
50,post_warmup_active_fraction,distributed_minus_centralized,5,0.004805555555555574,0.001898870684523614,0.0023577593662175134,0.0024477961893380608,0.007163314921773087
50,post_warmup_idle_fraction,distributed_minus_centralized,5,-0.004805555555555574,0.001898870684523614,0.0023577593662175134,-0.007163314921773087,-0.0024477961893380608
50,post_warmup_navigating_fraction,distributed_minus_centralized,5,0.05025555555555559,0.013588336956175607,0.016872148793945003,0.033383406761610585,0.06712770434950059
50,post_warmup_working_fraction,distributed_minus_centralized,5,-0.04545000000000001,0.01485796176390891,0.018448596208933823,-0.06389859620893383,-0.02700140379106619
50,throughput_tps,distributed_minus_centralized,5,-0.05644444444444445,0.010954451150103297,0.013601747613165108,-0.07004619205760956,-0.042842696831279344
100,agent_work_fraction_final,distributed_minus_centralized,5,-0.03759333333333341,0.013078405889759153,0.016238985747210038,-0.05383231908054345,-0.02135434758612337
100,average_completion_time_s,distributed_minus_centralized,5,16.015912707266004,4.467809242475599,5.547517887223993,10.468394820042011,21.563430594489997
100,completion_rate,distributed_minus_centralized,5,-0.04784109870253948,0.01519622965716806,0.018868611273741946,-0.06670970997628142,-0.02897248742879753
100,full_active_fraction,distributed_minus_centralized,5,0.013999999999999947,0.0021427454409451373,0.002660569871336832,0.011339430128663114,0.016660569871336777
100,full_idle_fraction,distributed_minus_centralized,5,-0.013999999999999947,0.0021427454409451373,0.002660569871336832,-0.016660569871336777,-0.011339430128663114
100,full_navigating_fraction,distributed_minus_centralized,5,0.05166666666666668,0.011947828977849986,0.014835189098492034,0.03683147756817465,0.06650185576515871
100,full_working_fraction,distributed_minus_centralized,5,-0.03766666666666674,0.013189792162272698,0.01637729007168422,-0.054043956738350954,-0.021289376594982517
100,latency_p90_s,distributed_minus_centralized,5,48.17200000000003,10.820562369858601,13.435502734971854,34.73649726502818,61.60750273497189
100,post_warmup_active_fraction,distributed_minus_centralized,5,0.007972222222222181,0.002827659760689427,0.0035110033240175393,0.004461218898204642,0.01148322554623972
100,post_warmup_idle_fraction,distributed_minus_centralized,5,-0.007972222222222181,0.002827659760689427,0.0035110033240175393,-0.01148322554623972,-0.004461218898204642
100,post_warmup_navigating_fraction,distributed_minus_centralized,5,0.04534444444444443,0.01684053235775509,0.020910282739210088,0.024434161705234343,0.06625472718365452
100,post_warmup_working_fraction,distributed_minus_centralized,5,-0.03737222222222225,0.01938866354135213,0.024074205492582886,-0.06144642771480514,-0.013298016729639366
100,throughput_tps,distributed_minus_centralized,5,-0.08444444444444436,0.02729581888119606,0.03389223560627176,-0.11833668005071613,-0.0505522088381726
200,agent_work_fraction_final,distributed_minus_centralized,5,0.0031685555555555967,0.007332187195787788,0.009104112869100327,-0.005935557313544731,0.012272668424655924
200,average_completion_time_s,distributed_minus_centralized,5,1.3600789202954757,6.155993598830159,7.643675624840248,-6.283596704544772,9.003754545135724
200,completion_rate,distributed_minus_centralized,5,0.002599621100985261,0.010786660122676978,0.013393407535188227,-0.010793786434202965,0.01599302863617349
200,full_active_fraction,distributed_minus_centralized,5,0.01625999999999992,0.0025088989764584157,0.003115209534198694,0.013144790465801227,0.019375209534198613
200,full_idle_fraction,distributed_minus_centralized,5,-0.01625999999999992,0.0025088989764584157,0.003115209534198694,-0.019375209534198613,-0.013144790465801227
200,full_navigating_fraction,distributed_minus_centralized,5,0.013143333333333219,0.007374200521638456,0.009156279303253906,0.003987054030079313,0.022299612636587127
200,full_working_fraction,distributed_minus_centralized,5,0.0031166666666667007,0.007379257507230949,0.009162558380203538,-0.0060458917135368375,0.012279225046870238
200,latency_p90_s,distributed_minus_centralized,5,21.512000000000125,8.841304767962788,10.9779298275267,10.534070172473426,32.48992982752682
200,post_warmup_active_fraction,distributed_minus_centralized,5,0.00698055555555559,0.0009329803606695481,0.0011584481248745433,0.005822107430681046,0.008139003680430133
200,post_warmup_idle_fraction,distributed_minus_centralized,5,-0.00698055555555559,0.0009329803606695481,0.0011584481248745433,-0.008139003680430133,-0.005822107430681046
200,post_warmup_navigating_fraction,distributed_minus_centralized,5,0.0020708333333333993,0.010495943008484037,0.013032434560833158,-0.01096160122749976,0.015103267894166557
200,post_warmup_working_fraction,distributed_minus_centralized,5,0.00490972222222219,0.010360123156279183,0.012863791940109035,-0.007954069717886845,0.017773514162331226
200,throughput_tps,distributed_minus_centralized,5,0.007555555555555582,0.03250261148102439,0.040357322523592386,-0.032801766968036807,0.047912878079147965
300,agent_work_fraction_final,distributed_minus_centralized,5,0.03854444444444446,0.006029570689720009,0.0074867008500499885,0.03105774359439447,0.046031145294494445
300,average_completion_time_s,distributed_minus_centralized,5,-26.15517779526786,7.078061283243741,8.788573872483706,-34.94375166775157,-17.366603922784154
300,completion_rate,distributed_minus_centralized,5,0.06450637853895673,0.017462958120077223,0.021683126399840016,0.04282325213911671,0.08618950493879675
300,full_active_fraction,distributed_minus_centralized,5,0.021012592592592628,0.0031699166774716283,0.003935971415722221,0.017076621176870407,0.02494856400831485
300,full_idle_fraction,distributed_minus_centralized,5,-0.021012592592592628,0.0031699166774716283,0.003935971415722221,-0.02494856400831485,-0.017076621176870407
300,full_navigating_fraction,distributed_minus_centralized,5,-0.017538518518518464,0.006040893224226178,0.007500759633514717,-0.025039278152033183,-0.010037758885003746
300,full_working_fraction,distributed_minus_centralized,5,0.03855111111111109,0.00604862294296582,0.007510357346989973,0.031040753764121118,0.046061468458101065
300,latency_p90_s,distributed_minus_centralized,5,-36.61599999999999,20.387617075077706,25.314570131288363,-61.930570131288356,-11.30142986871163
300,post_warmup_active_fraction,distributed_minus_centralized,5,0.009398148148148145,0.0013509795511404148,0.0016774626709605371,0.007720685477187608,0.011075610819108682
300,post_warmup_idle_fraction,distributed_minus_centralized,5,-0.009398148148148145,0.0013509795511404148,0.0016774626709605371,-0.011075610819108682,-0.007720685477187608
300,post_warmup_navigating_fraction,distributed_minus_centralized,5,-0.030987037037037046,0.008177848202150699,0.01015413969538592,-0.041141176732422964,-0.020832897341651127
300,post_warmup_working_fraction,distributed_minus_centralized,5,0.04038518518518519,0.008086665264037562,0.010040921123880397,0.030344264061304794,0.05042610630906559
300,throughput_tps,distributed_minus_centralized,5,0.2582222222222222,0.0686672060388741,0.08526159759571024,0.17296062462651196,0.3434838198179324
500,agent_work_fraction_final,distributed_minus_centralized,5,0.07632088888888888,0.008028349385262925,0.009968512396682314,0.06635237649220657,0.0862894012855712
500,average_completion_time_s,distributed_minus_centralized,5,-87.057083274189,2.8028000935468413,3.4801359703192616,-90.53721924450826,-83.57694730386973
500,completion_rate,distributed_minus_centralized,5,0.15317826983701985,0.014040557124392077,0.017433654296081045,0.1357446155409388,0.1706119241331009
500,full_active_fraction,distributed_minus_centralized,5,0.03456933333333336,0.0008781481637690114,0.0010903649600407265,0.03347896837329264,0.035659698293374086
500,full_idle_fraction,distributed_minus_centralized,5,-0.03456933333333336,0.0008781481637690114,0.0010903649600407265,-0.035659698293374086,-0.03347896837329264
500,full_navigating_fraction,distributed_minus_centralized,5,-0.04168088888888884,0.007277515618687928,0.00903622914009041,-0.05071711802897925,-0.032644659748798426
500,full_working_fraction,distributed_minus_centralized,5,0.0762502222222222,0.008008515313768472,0.009943885144169853,0.06630633707805235,0.08619410736639206
500,latency_p90_s,distributed_minus_centralized,5,-168.98600000000002,2.727504353800369,3.386643961057947,-172.37264396105797,-165.59935603894206
500,post_warmup_active_fraction,distributed_minus_centralized,5,0.014229444444444472,0.0019239751961903208,0.00238893073454655,0.011840513709897922,0.01661837517899102
500,post_warmup_idle_fraction,distributed_minus_centralized,5,-0.014229444444444472,0.0019239751961903208,0.00238893073454655,-0.01661837517899102,-0.011840513709897922
500,post_warmup_navigating_fraction,distributed_minus_centralized,5,-0.07087777777777778,0.010332145615731987,0.012829053235253296,-0.08370683101303107,-0.05804872454252448
500,post_warmup_working_fraction,distributed_minus_centralized,5,0.08510722222222221,0.009818790760891705,0.012191638993694996,0.07291558322852722,0.0972988612159172
500,throughput_tps,distributed_minus_centralized,5,0.7644444444444445,0.0671785900638215,0.08341323673233642,0.6810312077121081,0.8478576811767808
600,agent_work_fraction_final,distributed_minus_centralized,5,0.07254314814814813,0.007405724793848516,0.009195421857126714,0.06334772629102142,0.08173857000527485
600,average_completion_time_s,distributed_minus_centralized,5,-92.42680057870011,6.103500969760571,7.578497417153477,-100.00529799585358,-84.84830316154664
600,completion_rate,distributed_minus_centralized,5,0.1593391088315444,0.01141932044660664,0.014178959082503623,0.14516014974904076,0.17351806791404803
600,full_active_fraction,distributed_minus_centralized,5,0.037785185185185255,0.0036195928406330046,0.004494318118370105,0.03329086706681515,0.04227950330355536
600,full_idle_fraction,distributed_minus_centralized,5,-0.037785185185185255,0.0036195928406330046,0.004494318118370105,-0.04227950330355536,-0.03329086706681515
600,full_navigating_fraction,distributed_minus_centralized,5,-0.034669259259259164,0.007479915104636266,0.00928754129504741,-0.04395680055430658,-0.025381717964211754
600,full_working_fraction,distributed_minus_centralized,5,0.07245444444444445,0.007349075019015426,0.009125081871210115,0.06332936257323434,0.08157952631565456
600,latency_p90_s,distributed_minus_centralized,5,-172.67400000000004,18.0666385916141,22.432694707766032,-195.10669470776605,-150.24130529223402
600,post_warmup_active_fraction,distributed_minus_centralized,5,0.01603055555555566,0.0035209126235988585,0.004371790445543872,0.011658765110011786,0.020402346001099532
600,post_warmup_idle_fraction,distributed_minus_centralized,5,-0.01603055555555566,0.0035209126235988585,0.004371790445543872,-0.020402346001099532,-0.011658765110011786
600,post_warmup_navigating_fraction,distributed_minus_centralized,5,-0.06742499999999987,0.007229997817521059,0.008977227997107703,-0.07640222799710758,-0.05844777200289217
600,post_warmup_working_fraction,distributed_minus_centralized,5,0.08345555555555556,0.007696120204603337,0.009555995383904569,0.07389956017165099,0.09301155093946013
600,throughput_tps,distributed_minus_centralized,5,0.8759999999999998,0.066134916349035,0.08211734465481445,0.7938826553451853,0.9581173446548142
700,agent_work_fraction_final,distributed_minus_centralized,5,0.09211746031746032,0.008821102084655082,0.010952844882996408,0.0811646154344639,0.10307030520045674
700,average_completion_time_s,distributed_minus_centralized,5,-113.60925289692186,6.670138832315624,8.282071251107219,-121.89132414802907,-105.32718164581465
700,completion_rate,distributed_minus_centralized,5,0.22088433044577194,0.024121744335223832,0.02995110151492308,0.19093322893084885,0.250835431960695
700,full_active_fraction,distributed_minus_centralized,5,0.040448253968254064,0.003113296851241557,0.0038656686159077884,0.03658258535234628,0.04431392258416185
700,full_idle_fraction,distributed_minus_centralized,5,-0.040448253968254064,0.003113296851241557,0.0038656686159077884,-0.04431392258416185,-0.03658258535234628
700,full_navigating_fraction,distributed_minus_centralized,5,-0.05161333333333322,0.010775783273851909,0.013379902143588234,-0.06499323547692146,-0.03823343118974498
700,full_working_fraction,distributed_minus_centralized,5,0.09206158730158732,0.008810878588805802,0.010940150736264573,0.08112143656532275,0.1030017380378519
700,latency_p90_s,distributed_minus_centralized,5,-200.15199999999996,13.763223459640589,17.089299069069206,-217.24129906906916,-183.06270093093076
700,post_warmup_active_fraction,distributed_minus_centralized,5,0.017646825396825473,0.003142000243933817,0.003901308585240073,0.0137455168115854,0.021548133982065548
700,post_warmup_idle_fraction,distributed_minus_centralized,5,-0.017646825396825473,0.003142000243933817,0.003901308585240073,-0.021548133982065548,-0.0137455168115854
700,post_warmup_navigating_fraction,distributed_minus_centralized,5,-0.09151626984126977,0.012142235984994407,0.015076577280261804,-0.10659284712153158,-0.07643969256100797
700,post_warmup_working_fraction,distributed_minus_centralized,5,0.10916309523809527,0.010176106867688436,0.01263530553948283,0.09652778969861243,0.1217984007775781
700,throughput_tps,distributed_minus_centralized,5,1.3264444444444448,0.15132011689718491,0.18788874135521993,1.1385557030892248,1.5143331857996647
800,agent_work_fraction_final,distributed_minus_centralized,5,0.10994299999999997,0.0091204258394158,0.011324504413089966,0.09861849558691001,0.12126750441308994
800,average_completion_time_s,distributed_minus_centralized,5,-133.35928561898376,5.317835619669968,6.602965037309818,-139.96225065629358,-126.75632058167395
800,completion_rate,distributed_minus_centralized,5,0.2981114610648571,0.030727639697790333,0.03815340396252312,0.259958057102334,0.3362648650273802
800,full_active_fraction,distributed_minus_centralized,5,0.04253555555555553,0.004543402722052401,0.00564137958931346,0.03689417596624207,0.04817693514486899
800,full_idle_fraction,distributed_minus_centralized,5,-0.04253555555555553,0.004543402722052401,0.00564137958931346,-0.04817693514486899,-0.03689417596624207
800,full_navigating_fraction,distributed_minus_centralized,5,-0.06746611111111114,0.011365564386313882,0.014112212117752833,-0.08157832322886398,-0.05335389899335831
800,full_working_fraction,distributed_minus_centralized,5,0.11000166666666666,0.00918133209230545,0.011400129514568537,0.09860153715209813,0.1214017961812352
800,latency_p90_s,distributed_minus_centralized,5,-231.842,13.799073157281208,17.133812347976058,-248.97581234797607,-214.70818765202395
800,post_warmup_active_fraction,distributed_minus_centralized,5,0.019959375000000133,0.003984017284535348,0.004946810830429072,0.015012564169571061,0.024906185830429205
800,post_warmup_idle_fraction,distributed_minus_centralized,5,-0.019959375000000133,0.003984017284535348,0.004946810830429072,-0.024906185830429205,-0.015012564169571061
800,post_warmup_navigating_fraction,distributed_minus_centralized,5,-0.11150555555555539,0.013390403308052917,0.016626381709037925,-0.12813193726459332,-0.09487917384651746
800,post_warmup_working_fraction,distributed_minus_centralized,5,0.13146493055555555,0.011650413496224275,0.014465899002448955,0.11699903155310659,0.14593082955800452
800,throughput_tps,distributed_minus_centralized,5,1.9366666666666668,0.21017922980631412,0.2609719828206962,1.6756946838459705,2.197638649487363
